Date,coronavirus,mask,sanitizer,toilet paper,state
1/1/20,7,852,45,101,US
1/2/20,13,1583,72,147,US
1/3/20,18,1580,76,147,US
1/4/20,17,1641,76,164,US
1/5/20,6,1672,73,188,US
1/6/20,13,1545,78,146,US
1/7/20,17,1528,80,154,US
1/8/20,17,1536,83,148,US
1/9/20,44,1500,78,143,US
1/10/20,24,1509,82,153,US
1/11/20,37,1558,68,159,US
1/12/20,36,1630,67,172,US
1/13/20,28,1555,75,182,US
1/14/20,34,1428,76,139,US
1/15/20,3,261,12,30,US
1/16/20,16,200,11,24,US
1/17/20,26,197,3,24,US
1/18/20,47,220,2,24,US
1/19/20,29,221,0,25,US
1/20/20,122,218,1,25,US
1/21/20,656,234,8,24,US
1/22/20,553,137,0,2,US
1/23/20,577,134,0,0,US
1/24/20,1126,146,0,1,US
1/25/20,1351,173,0,3,US
1/26/20,1578,207,0,6,US
1/27/20,1666,205,0,2,US
1/28/20,1832,227,19,1,US
1/29/20,1785,217,25,0,US
1/30/20,1692,216,24,0,US
1/31/20,1692,227,22,0,US
2/1/20,1329,209,8,1,US
2/2/20,1199,197,6,7,US
2/3/20,1062,181,7,0,US
2/4/20,922,165,9,0,US
2/5/20,1642,298,24,24,US
2/6/20,1664,294,24,24,US
2/7/20,1845,296,24,24,US
2/8/20,1676,314,24,24,US
2/9/20,1495,306,24,24,US
2/10/20,1499,267,24,24,US
2/11/20,1537,268,24,28,US
2/12/20,1707,338,25,25,US
2/13/20,1886,363,24,24,US
2/14/20,1561,332,24,24,US
2/15/20,1359,353,24,24,US
2/16/20,1357,346,24,31,US
2/17/20,1456,333,24,24,US
2/18/20,1415,317,24,24,US
2/19/20,974,242,21,25,US
2/20/20,834,229,18,24,US
2/21/20,881,228,24,24,US
2/22/20,1041,271,24,24,US
2/23/20,1249,280,24,25,US
2/24/20,839,167,12,12,US
2/25/20,0,0,0,0,US
2/26/20,0,0,0,0,US
3/11/20,0,0,0,0,US
3/12/20,0,0,0,0,US
3/13/20,0,0,0,0,US
3/14/20,0,0,0,0,US
3/15/20,0,0,0,0,US
3/16/20,0,0,0,0,US
3/17/20,763,17,24,24,US
3/18/20,2046,55,50,64,US
3/19/20,1857,64,48,57,US
3/20/20,1858,76,46,53,US
3/21/20,1742,101,44,54,US
3/22/20,1831,104,45,55,US
3/23/20,1743,94,43,45,US
3/24/20,1556,86,29,34,US
3/25/20,61,4,1,1,US
4/1/20,0,0,0,0,US
4/2/20,617,109,22,11,US
4/3/20,1783,354,46,29,US
4/4/20,1812,474,47,33,US
4/5/20,1845,339,44,31,US
4/6/20,1846,278,42,24,US
4/7/20,1724,243,42,24,US
4/8/20,2032,276,45,27,US
4/9/20,1880,243,42,24,US
4/10/20,1736,236,40,24,US
4/11/20,1297,235,37,24,US
4/12/20,1104,185,24,24,US
4/13/20,1428,146,22,22,US
1/1/20,0,167,1,10,AK
1/2/20,0,258,9,24,AK
1/3/20,1,227,10,11,AK
1/4/20,0,270,8,15,AK
1/5/20,0,257,11,146,AK
1/6/20,0,258,11,27,AK
1/7/20,1,259,6,20,AK
1/8/20,5,415,22,42,AK
1/9/20,14,447,17,38,AK
1/10/20,2,451,20,10,AK
1/11/20,7,381,17,63,AK
1/12/20,7,576,20,32,AK
1/13/20,12,444,19,180,AK
1/14/20,7,392,25,40,AK
1/15/20,5,186,19,10,AK
1/16/20,32,221,9,30,AK
1/17/20,32,158,9,15,AK
1/18/20,56,208,9,16,AK
1/19/20,26,203,8,42,AK
1/20/20,112,168,10,36,AK
1/21/20,709,190,6,13,AK
1/22/20,541,95,7,11,AK
1/23/20,513,98,7,10,AK
1/24/20,967,103,2,12,AK
1/25/20,1275,130,7,10,AK
1/26/20,1346,137,4,7,AK
1/27/20,1534,123,5,14,AK
1/28/20,1713,132,7,15,AK
1/29/20,1440,97,8,7,AK
1/30/20,1125,92,10,4,AK
1/31/20,1085,113,5,0,AK
2/1/20,892,94,8,2,AK
2/2/20,749,96,1,23,AK
2/3/20,679,87,1,1,AK
2/4/20,631,86,4,2,AK
2/5/20,1259,148,7,9,AK
2/6/20,1280,158,12,15,AK
2/7/20,1399,151,5,6,AK
2/8/20,1326,160,10,9,AK
2/9/20,1112,171,7,9,AK
2/10/20,1198,144,11,6,AK
2/11/20,1278,118,14,79,AK
2/12/20,1191,170,12,7,AK
2/13/20,1279,171,6,11,AK
2/14/20,1101,180,4,11,AK
2/15/20,1025,161,8,12,AK
2/16/20,1145,177,6,132,AK
2/17/20,1165,178,11,14,AK
2/18/20,1089,163,5,10,AK
2/19/20,1114,166,7,14,AK
2/20/20,1118,145,16,14,AK
2/21/20,1110,168,15,9,AK
2/22/20,1218,158,13,16,AK
2/23/20,1434,199,17,44,AK
2/24/20,698,127,6,15,AK
2/25/20,0,0,0,0,AK
2/26/20,0,0,0,0,AK
3/11/20,0,0,0,0,AK
3/12/20,0,0,0,0,AK
3/13/20,0,0,0,0,AK
3/14/20,0,0,0,0,AK
3/15/20,0,0,0,0,AK
3/16/20,0,0,0,0,AK
3/17/20,627,16,15,12,AK
3/18/20,1910,46,36,39,AK
3/19/20,1712,55,34,31,AK
3/20/20,1597,75,29,30,AK
3/21/20,1668,106,32,33,AK
3/22/20,1658,106,27,30,AK
3/23/20,1601,97,27,22,AK
3/24/20,1435,89,25,17,AK
3/25/20,48,3,1,1,AK
4/1/20,0,0,0,0,AK
4/2/20,388,41,7,1,AK
4/3/20,690,127,13,4,AK
4/4/20,704,216,16,0,AK
4/5/20,682,166,15,2,AK
4/6/20,681,140,11,4,AK
4/7/20,644,129,11,0,AK
4/8/20,1695,302,31,9,AK
4/9/20,1617,260,37,8,AK
4/10/20,1513,241,26,9,AK
4/11/20,1084,233,25,10,AK
4/12/20,973,186,17,9,AK
4/13/20,1211,151,19,13,AK
1/1/20,12,711,44,76,AL
1/2/20,4,1399,60,124,AL
1/3/20,7,1383,63,117,AL
1/4/20,14,1498,61,160,AL
1/5/20,10,1531,67,129,AL
1/6/20,16,1442,76,141,AL
1/7/20,11,1388,63,130,AL
1/8/20,10,1359,64,108,AL
1/9/20,20,1197,68,138,AL
1/10/20,17,1256,58,129,AL
1/11/20,25,1303,54,141,AL
1/12/20,27,1457,64,145,AL
1/13/20,22,1294,63,112,AL
1/14/20,17,1220,75,114,AL
1/15/20,2,237,16,21,AL
1/16/20,9,182,6,18,AL
1/17/20,16,186,11,19,AL
1/18/20,37,199,6,27,AL
1/19/20,27,205,6,21,AL
1/20/20,110,225,9,19,AL
1/21/20,587,199,9,19,AL
1/22/20,670,177,5,14,AL
1/23/20,620,170,8,12,AL
1/24/20,1313,176,7,11,AL
1/25/20,1474,211,5,16,AL
1/26/20,1678,232,8,17,AL
1/27/20,1616,232,5,16,AL
1/28/20,1658,225,18,13,AL
1/29/20,1384,172,21,8,AL
1/30/20,1443,164,14,4,AL
1/31/20,1474,173,14,8,AL
2/1/20,1087,170,8,14,AL
2/2/20,960,172,9,11,AL
2/3/20,841,170,6,7,AL
2/4/20,735,151,7,6,AL
2/5/20,1320,277,21,21,AL
2/6/20,1348,296,17,18,AL
2/7/20,1594,309,15,26,AL
2/8/20,1529,344,20,26,AL
2/9/20,1303,329,20,25,AL
2/10/20,1405,287,19,22,AL
2/11/20,1353,287,19,19,AL
2/12/20,1581,364,23,27,AL
2/13/20,1737,392,20,26,AL
2/14/20,1390,370,19,25,AL
2/15/20,1187,390,11,30,AL
2/16/20,1148,387,16,27,AL
2/17/20,1341,368,22,35,AL
2/18/20,1263,338,14,23,AL
2/19/20,665,205,9,18,AL
2/20/20,540,194,5,12,AL
2/21/20,539,200,7,16,AL
2/22/20,795,248,8,16,AL
2/23/20,1722,278,9,19,AL
2/24/20,772,137,5,12,AL
2/25/20,0,0,0,0,AL
2/26/20,0,0,0,0,AL
3/11/20,0,0,0,0,AL
3/12/20,0,0,0,0,AL
3/13/20,0,0,0,0,AL
3/14/20,0,0,0,0,AL
3/15/20,0,0,0,0,AL
3/16/20,0,0,0,0,AL
3/17/20,748,16,22,16,AL
3/18/20,1940,50,46,34,AL
3/19/20,1787,52,44,30,AL
3/20/20,1708,66,43,28,AL
3/21/20,1626,89,41,30,AL
3/22/20,1622,88,40,27,AL
3/23/20,1649,82,41,24,AL
3/24/20,1455,73,31,22,AL
3/25/20,54,3,1,1,AL
4/1/20,0,0,0,0,AL
4/2/20,233,22,0,0,AL
4/3/20,92,11,0,0,AL
4/4/20,91,23,0,0,AL
4/5/20,88,14,0,0,AL
4/6/20,85,4,0,0,AL
4/7/20,80,2,0,0,AL
4/8/20,1882,211,47,22,AL
4/9/20,1773,190,44,17,AL
4/10/20,1620,172,42,12,AL
4/11/20,1115,164,37,11,AL
4/12/20,856,122,24,3,AL
4/13/20,1184,98,22,0,AL
1/1/20,5,705,52,77,AR
1/2/20,3,1295,54,156,AR
1/3/20,2,1290,61,134,AR
1/4/20,9,1312,83,113,AR
1/5/20,4,1405,86,130,AR
1/6/20,5,1280,66,155,AR
1/7/20,6,1215,73,163,AR
1/8/20,4,1132,59,105,AR
1/9/20,23,1101,51,130,AR
1/10/20,28,1079,54,111,AR
1/11/20,15,1129,20,103,AR
1/12/20,14,1241,40,113,AR
1/13/20,16,1073,34,102,AR
1/14/20,9,983,49,96,AR
1/15/20,4,270,11,25,AR
1/16/20,14,240,12,25,AR
1/17/20,23,228,9,25,AR
1/18/20,42,254,7,26,AR
1/19/20,29,261,10,19,AR
1/20/20,141,246,10,24,AR
1/21/20,709,253,22,19,AR
1/22/20,563,148,4,12,AR
1/23/20,527,119,1,8,AR
1/24/20,1128,136,4,11,AR
1/25/20,1267,163,3,11,AR
1/26/20,1445,175,6,13,AR
1/27/20,1441,166,7,11,AR
1/28/20,1717,168,10,9,AR
1/29/20,722,64,4,1,AR
1/30/20,1205,78,4,0,AR
1/31/20,784,68,0,0,AR
2/1/20,508,68,0,0,AR
2/2/20,408,57,0,0,AR
2/3/20,353,54,1,0,AR
2/4/20,286,48,0,0,AR
2/5/20,1171,242,13,22,AR
2/6/20,1252,254,14,18,AR
2/7/20,1410,266,16,30,AR
2/8/20,1353,271,8,14,AR
2/9/20,1214,269,16,22,AR
2/10/20,1277,246,15,20,AR
2/11/20,1270,234,17,25,AR
2/12/20,1360,312,29,27,AR
2/13/20,1570,326,28,30,AR
2/14/20,1287,331,21,20,AR
2/15/20,1071,286,18,29,AR
2/16/20,1151,354,17,25,AR
2/17/20,1246,305,25,34,AR
2/18/20,1197,291,16,25,AR
2/19/20,1363,397,18,25,AR
2/20/20,1093,347,25,35,AR
2/21/20,1079,362,17,35,AR
2/22/20,1249,406,15,31,AR
2/23/20,1494,461,19,34,AR
2/24/20,836,252,9,16,AR
2/25/20,0,0,0,0,AR
2/26/20,0,0,0,0,AR
3/11/20,0,0,0,0,AR
3/12/20,0,0,0,0,AR
3/13/20,0,0,0,0,AR
3/14/20,0,0,0,0,AR
3/15/20,0,0,0,0,AR
3/16/20,0,0,0,0,AR
3/17/20,740,16,18,25,AR
3/18/20,1884,47,39,53,AR
3/19/20,1791,52,44,46,AR
3/20/20,1775,71,41,44,AR
3/21/20,1746,106,41,44,AR
3/22/20,1739,104,42,46,AR
3/23/20,1700,107,43,33,AR
3/24/20,1521,96,40,28,AR
3/25/20,56,3,1,1,AR
4/1/20,0,0,0,0,AR
4/2/20,222,149,27,60,AR
4/3/20,72,9,0,0,AR
4/4/20,74,21,0,0,AR
4/5/20,75,18,0,0,AR
4/6/20,75,11,0,0,AR
4/7/20,74,5,0,0,AR
4/8/20,1791,229,43,24,AR
4/9/20,1707,203,39,27,AR
4/10/20,1612,201,39,26,AR
4/11/20,1139,181,32,23,AR
4/12/20,966,148,23,20,AR
4/13/20,1255,115,20,22,AR
1/1/20,14,721,28,87,AZ
1/2/20,4,1301,46,107,AZ
1/3/20,11,1340,60,113,AZ
1/4/20,10,1382,49,143,AZ
1/5/20,7,1437,54,275,AZ
1/6/20,3,1336,60,113,AZ
1/7/20,4,1364,52,132,AZ
1/8/20,10,1323,54,134,AZ
1/9/20,31,1249,49,104,AZ
1/10/20,13,1273,57,114,AZ
1/11/20,25,1325,56,119,AZ
1/12/20,18,1438,53,169,AZ
1/13/20,21,1372,49,278,AZ
1/14/20,27,1231,63,116,AZ
1/15/20,2,256,12,27,AZ
1/16/20,15,206,9,24,AZ
1/17/20,20,204,8,18,AZ
1/18/20,46,222,3,16,AZ
1/19/20,30,222,5,36,AZ
1/20/20,131,220,2,32,AZ
1/21/20,690,232,7,24,AZ
1/22/20,202,39,0,1,AZ
1/23/20,165,33,0,0,AZ
1/24/20,278,31,0,0,AZ
1/25/20,368,43,0,0,AZ
1/26/20,677,56,0,0,AZ
1/27/20,1093,67,0,1,AZ
1/28/20,763,66,0,0,AZ
1/29/20,1800,169,11,3,AZ
1/30/20,1505,158,10,2,AZ
1/31/20,1409,161,3,5,AZ
2/1/20,1085,148,3,0,AZ
2/2/20,941,142,2,7,AZ
2/3/20,860,128,0,0,AZ
2/4/20,757,123,0,0,AZ
2/5/20,1448,241,16,17,AZ
2/6/20,1465,253,17,18,AZ
2/7/20,1653,240,17,15,AZ
2/8/20,1541,242,11,20,AZ
2/9/20,1348,252,10,20,AZ
2/10/20,1381,223,12,20,AZ
2/11/20,1293,217,16,45,AZ
2/12/20,1316,258,14,22,AZ
2/13/20,1480,297,15,19,AZ
2/14/20,1197,251,12,11,AZ
2/15/20,1146,258,11,17,AZ
2/16/20,1095,272,16,59,AZ
2/17/20,1157,259,12,22,AZ
2/18/20,1131,248,17,23,AZ
2/19/20,973,249,11,23,AZ
2/20/20,866,230,11,24,AZ
2/21/20,922,230,16,17,AZ
2/22/20,1069,270,14,21,AZ
2/23/20,1225,277,12,32,AZ
2/24/20,789,197,6,9,AZ
2/25/20,0,0,0,0,AZ
2/26/20,0,0,0,0,AZ
3/11/20,0,0,0,0,AZ
3/12/20,0,0,0,0,AZ
3/13/20,0,0,0,0,AZ
3/14/20,0,0,0,0,AZ
3/15/20,0,0,0,0,AZ
3/16/20,0,0,0,0,AZ
3/17/20,749,16,21,47,AZ
3/18/20,1733,44,45,110,AZ
3/19/20,1541,49,39,96,AZ
3/20/20,1618,52,33,90,AZ
3/21/20,1586,73,38,92,AZ
3/22/20,1578,68,36,79,AZ
3/23/20,1548,68,26,58,AZ
3/24/20,1414,62,24,49,AZ
3/25/20,53,2,1,2,AZ
4/1/20,0,0,0,0,AZ
4/2/20,48,102,0,77,AZ
4/3/20,96,18,0,0,AZ
4/4/20,99,23,0,0,AZ
4/5/20,98,19,0,0,AZ
4/6/20,97,18,0,0,AZ
4/7/20,87,9,0,0,AZ
4/8/20,1686,193,29,40,AZ
4/9/20,1597,187,29,33,AZ
4/10/20,1514,181,26,27,AZ
4/11/20,1114,168,26,30,AZ
4/12/20,965,132,24,24,AZ
4/13/20,1319,104,22,24,AZ
1/1/20,2,800,33,66,CA
1/2/20,3,1492,57,127,CA
1/3/20,7,1471,53,117,CA
1/4/20,7,1514,53,130,CA
1/5/20,1,1574,56,166,CA
1/6/20,4,1469,59,120,CA
1/7/20,4,1509,60,117,CA
1/8/20,10,1421,56,114,CA
1/9/20,37,1413,63,110,CA
1/10/20,25,1380,55,104,CA
1/11/20,32,1390,52,127,CA
1/12/20,36,1541,50,131,CA
1/13/20,26,1526,49,132,CA
1/14/20,29,1384,53,101,CA
1/15/20,2,305,13,28,CA
1/16/20,25,246,9,23,CA
1/17/20,39,242,8,24,CA
1/18/20,93,264,3,24,CA
1/19/20,55,267,3,26,CA
1/20/20,155,269,8,24,CA
1/21/20,758,312,12,23,CA
1/22/20,389,104,1,1,CA
1/23/20,429,101,0,0,CA
1/24/20,715,108,0,0,CA
1/25/20,880,130,0,0,CA
1/26/20,1491,193,0,0,CA
1/27/20,1361,198,0,0,CA
1/28/20,1571,222,4,0,CA
1/29/20,1764,242,22,0,CA
1/30/20,1580,239,21,0,CA
1/31/20,1570,245,20,0,CA
2/1/20,1359,231,20,0,CA
2/2/20,1065,198,15,2,CA
2/3/20,1058,180,14,0,CA
2/4/20,899,166,16,0,CA
2/5/20,1600,287,25,6,CA
2/6/20,1522,279,24,8,CA
2/7/20,1664,275,24,9,CA
2/8/20,1610,298,24,13,CA
2/9/20,1364,278,23,14,CA
2/10/20,1309,241,23,7,CA
2/11/20,1444,248,22,12,CA
2/12/20,1474,291,25,18,CA
2/13/20,1589,295,23,18,CA
2/14/20,1312,269,24,14,CA
2/15/20,1262,279,24,16,CA
2/16/20,1164,279,22,28,CA
2/17/20,1220,267,23,23,CA
2/18/20,1179,252,24,21,CA
2/19/20,1070,253,20,21,CA
2/20/20,946,235,22,20,CA
2/21/20,1099,234,24,16,CA
2/22/20,1401,288,24,20,CA
2/23/20,1506,308,24,21,CA
2/24/20,895,179,12,8,CA
2/25/20,0,0,0,0,CA
2/26/20,0,0,0,0,CA
3/11/20,0,0,0,0,CA
3/12/20,0,0,0,0,CA
3/13/20,0,0,0,0,CA
3/14/20,0,0,0,0,CA
3/15/20,0,0,0,0,CA
3/16/20,0,0,0,0,CA
3/17/20,720,24,24,33,CA
3/18/20,1855,59,50,88,CA
3/19/20,1628,73,48,75,CA
3/20/20,1754,90,45,71,CA
3/21/20,1616,108,46,72,CA
3/22/20,1607,109,45,69,CA
3/23/20,1493,95,44,47,CA
3/24/20,1357,90,37,45,CA
3/25/20,52,4,2,2,CA
4/1/20,0,0,0,0,CA
4/2/20,135,111,66,0,CA
4/3/20,88,22,0,0,CA
4/4/20,96,24,0,0,CA
4/5/20,94,20,0,0,CA
4/6/20,92,19,0,0,CA
4/7/20,86,18,0,0,CA
4/8/20,1894,367,46,31,CA
4/9/20,1803,314,44,25,CA
4/10/20,1762,305,32,24,CA
4/11/20,1280,292,32,25,CA
4/12/20,1078,218,24,24,CA
4/13/20,1440,163,22,22,CA
1/1/20,10,753,34,86,CO
1/2/20,21,1399,49,94,CO
1/3/20,12,1301,52,113,CO
1/4/20,8,1437,59,123,CO
1/5/20,29,1429,72,207,CO
1/6/20,15,1328,54,114,CO
1/7/20,12,1317,55,108,CO
1/8/20,8,870,45,91,CO
1/9/20,27,835,56,73,CO
1/10/20,15,828,47,80,CO
1/11/20,21,881,28,90,CO
1/12/20,23,925,33,103,CO
1/13/20,20,858,38,239,CO
1/14/20,22,819,40,74,CO
1/15/20,4,242,12,28,CO
1/16/20,18,211,12,26,CO
1/17/20,25,222,11,21,CO
1/18/20,55,246,10,21,CO
1/19/20,37,246,10,34,CO
1/20/20,128,226,12,31,CO
1/21/20,700,250,14,20,CO
1/22/20,526,116,0,3,CO
1/23/20,525,110,1,2,CO
1/24/20,961,114,2,2,CO
1/25/20,1672,149,1,4,CO
1/26/20,1757,168,0,3,CO
1/27/20,1673,154,0,4,CO
1/28/20,1593,155,6,1,CO
1/29/20,1848,184,14,3,CO
1/30/20,1789,196,13,8,CO
1/31/20,1774,199,11,5,CO
2/1/20,1433,189,10,8,CO
2/2/20,1312,189,6,18,CO
2/3/20,1151,157,6,5,CO
2/4/20,946,146,3,2,CO
2/5/20,1597,256,13,14,CO
2/6/20,1602,270,16,19,CO
2/7/20,1643,240,14,15,CO
2/8/20,1670,280,14,16,CO
2/9/20,1471,273,16,20,CO
2/10/20,1452,240,11,19,CO
2/11/20,1473,229,16,55,CO
2/12/20,1403,247,13,17,CO
2/13/20,1520,255,16,21,CO
2/14/20,1314,246,12,19,CO
2/15/20,1154,242,11,20,CO
2/16/20,1128,254,10,50,CO
2/17/20,1269,263,11,23,CO
2/18/20,1186,229,14,19,CO
2/19/20,1050,219,10,17,CO
2/20/20,892,228,12,17,CO
2/21/20,969,222,15,21,CO
2/22/20,1202,259,14,24,CO
2/23/20,1381,257,10,28,CO
2/24/20,885,170,5,11,CO
2/25/20,0,0,0,0,CO
2/26/20,0,0,0,0,CO
3/11/20,0,0,0,0,CO
3/12/20,0,0,0,0,CO
3/13/20,0,0,0,0,CO
3/14/20,0,0,0,0,CO
3/15/20,0,0,0,0,CO
3/16/20,0,0,0,0,CO
3/17/20,758,16,16,28,CO
3/18/20,1831,43,39,63,CO
3/19/20,1604,48,27,53,CO
3/20/20,1559,67,25,47,CO
3/21/20,1556,86,35,54,CO
3/22/20,1582,81,31,53,CO
3/23/20,1572,69,26,41,CO
3/24/20,1392,65,24,35,CO
3/25/20,54,2,1,1,CO
4/1/20,0,0,0,0,CO
4/2/20,225,201,200,200,CO
4/3/20,84,29,0,0,CO
4/4/20,89,37,0,0,CO
4/5/20,86,24,0,0,CO
4/6/20,88,20,0,0,CO
4/7/20,81,13,0,0,CO
4/8/20,1859,248,25,23,CO
4/9/20,1806,225,27,24,CO
4/10/20,1722,202,25,23,CO
4/11/20,1291,205,24,22,CO
4/12/20,1058,167,24,23,CO
4/13/20,1399,140,24,25,CO
1/1/20,11,813,53,103,CT
1/2/20,7,1347,58,135,CT
1/3/20,22,1337,74,122,CT
1/4/20,16,1475,64,158,CT
1/5/20,10,1453,63,168,CT
1/6/20,13,1291,75,110,CT
1/7/20,19,1318,65,156,CT
1/8/20,24,1274,49,130,CT
1/9/20,30,1090,48,125,CT
1/10/20,26,1118,61,133,CT
1/11/20,31,1296,62,121,CT
1/12/20,20,1331,49,136,CT
1/13/20,32,1292,53,116,CT
1/14/20,20,1087,50,103,CT
1/15/20,4,239,9,25,CT
1/16/20,14,184,11,19,CT
1/17/20,23,197,10,20,CT
1/18/20,41,204,10,20,CT
1/19/20,36,215,7,26,CT
1/20/20,131,206,8,20,CT
1/21/20,641,208,8,15,CT
1/22/20,489,139,4,9,CT
1/23/20,501,145,2,8,CT
1/24/20,936,151,1,6,CT
1/25/20,1246,184,4,12,CT
1/26/20,1670,211,6,9,CT
1/27/20,1749,188,10,9,CT
1/28/20,1792,202,14,4,CT
1/29/20,1608,191,19,9,CT
1/30/20,1509,198,14,6,CT
1/31/20,1557,198,15,4,CT
2/1/20,1321,191,14,9,CT
2/2/20,1346,197,5,8,CT
2/3/20,1068,161,4,8,CT
2/4/20,903,163,6,9,CT
2/5/20,1475,259,16,21,CT
2/6/20,1422,256,14,14,CT
2/7/20,1621,273,16,13,CT
2/8/20,1490,307,17,22,CT
2/9/20,1328,283,18,23,CT
2/10/20,1343,249,15,18,CT
2/11/20,1371,231,21,16,CT
2/12/20,1512,308,21,29,CT
2/13/20,1731,342,16,18,CT
2/14/20,1413,308,23,23,CT
2/15/20,1255,316,16,23,CT
2/16/20,1248,338,17,25,CT
2/17/20,1375,313,21,27,CT
2/18/20,1284,304,16,30,CT
2/19/20,818,211,13,17,CT
2/20/20,664,179,3,19,CT
2/21/20,709,192,14,19,CT
2/22/20,885,218,14,18,CT
2/23/20,1045,233,12,20,CT
2/24/20,772,132,5,11,CT
2/25/20,0,0,0,0,CT
2/26/20,0,0,0,0,CT
3/11/20,0,0,0,0,CT
3/12/20,0,0,0,0,CT
3/13/20,0,0,0,0,CT
3/14/20,0,0,0,0,CT
3/15/20,0,0,0,0,CT
3/16/20,0,0,0,0,CT
3/17/20,717,16,18,21,CT
3/18/20,1829,48,48,55,CT
3/19/20,1633,51,43,49,CT
3/20/20,1656,61,39,49,CT
3/21/20,1597,85,40,48,CT
3/22/20,1540,88,38,50,CT
3/23/20,1409,74,27,35,CT
3/24/20,1286,64,25,30,CT
3/25/20,55,3,1,1,CT
4/1/20,0,0,0,0,CT
4/2/20,155,10,35,33,CT
4/3/20,86,21,0,0,CT
4/4/20,92,25,0,0,CT
4/5/20,86,18,0,0,CT
4/6/20,86,8,0,0,CT
4/7/20,81,3,0,0,CT
4/8/20,1873,211,37,38,CT
4/9/20,1773,199,33,36,CT
4/10/20,1671,196,33,34,CT
4/11/20,1192,199,33,33,CT
4/12/20,1005,157,24,25,CT
4/13/20,1379,130,24,22,CT
1/1/20,0,545,17,77,DC
1/2/20,0,1052,45,90,DC
1/3/20,6,890,41,78,DC
1/4/20,6,1181,61,121,DC
1/5/20,3,1221,43,64,DC
1/6/20,5,996,55,91,DC
1/7/20,11,986,39,86,DC
1/8/20,23,1021,31,99,DC
1/9/20,61,943,52,73,DC
1/10/20,22,907,39,72,DC
1/11/20,68,1252,34,87,DC
1/12/20,21,1221,24,195,DC
1/13/20,38,1084,33,87,DC
1/14/20,77,898,26,95,DC
1/15/20,5,156,9,23,DC
1/16/20,20,126,5,8,DC
1/17/20,38,154,12,12,DC
1/18/20,32,169,2,16,DC
1/19/20,30,179,2,16,DC
1/20/20,137,203,4,14,DC
1/21/20,752,207,10,13,DC
1/22/20,587,123,1,3,DC
1/23/20,683,121,1,9,DC
1/24/20,1009,137,3,5,DC
1/25/20,1217,165,2,9,DC
1/26/20,1429,205,4,6,DC
1/27/20,1728,186,11,7,DC
1/28/20,1968,223,11,7,DC
1/29/20,1824,194,18,3,DC
1/30/20,1669,192,17,6,DC
1/31/20,1686,198,10,7,DC
2/1/20,1223,199,9,7,DC
2/2/20,1155,192,9,10,DC
2/3/20,1172,175,14,6,DC
2/4/20,955,152,7,5,DC
2/5/20,1401,220,18,11,DC
2/6/20,1471,200,22,16,DC
2/7/20,1593,211,20,13,DC
2/8/20,1357,222,13,15,DC
2/9/20,1187,231,5,13,DC
2/10/20,1345,197,11,9,DC
2/11/20,1326,194,11,8,DC
2/12/20,1480,237,16,14,DC
2/13/20,1687,267,18,9,DC
2/14/20,1301,224,10,17,DC
2/15/20,1156,237,13,18,DC
2/16/20,1029,265,9,15,DC
2/17/20,1159,244,13,14,DC
2/18/20,1321,243,11,20,DC
2/19/20,640,147,12,10,DC
2/20/20,536,124,10,8,DC
2/21/20,611,113,11,7,DC
2/22/20,659,158,6,8,DC
2/23/20,907,194,12,4,DC
2/24/20,702,105,5,3,DC
2/25/20,0,0,0,0,DC
2/26/20,0,0,0,0,DC
3/11/20,0,0,0,0,DC
3/12/20,0,0,0,0,DC
3/13/20,0,0,0,0,DC
3/14/20,0,0,0,0,DC
3/15/20,0,0,0,0,DC
3/16/20,0,0,0,0,DC
3/17/20,748,18,17,16,DC
3/18/20,1990,54,40,40,DC
3/19/20,1827,66,43,28,DC
3/20/20,1815,78,38,34,DC
3/21/20,1736,94,40,36,DC
3/22/20,1724,90,36,37,DC
3/23/20,1719,86,33,25,DC
3/24/20,1524,77,25,26,DC
3/25/20,63,4,1,1,DC
4/1/20,0,0,0,0,DC
4/2/20,143,80,5,4,DC
4/3/20,76,22,0,0,DC
4/4/20,77,24,0,0,DC
4/5/20,74,21,0,0,DC
4/6/20,76,14,0,0,DC
4/7/20,73,5,0,0,DC
4/8/20,1821,269,36,37,DC
4/9/20,1781,268,34,34,DC
4/10/20,1642,325,27,31,DC
4/11/20,1220,324,29,36,DC
4/12/20,1045,268,17,25,DC
4/13/20,1420,204,24,22,DC
1/1/20,4,477,24,68,DE
1/2/20,4,804,34,160,DE
1/3/20,4,833,38,64,DE
1/4/20,0,744,37,86,DE
1/5/20,6,911,71,96,DE
1/6/20,10,863,61,73,DE
1/7/20,4,772,46,58,DE
1/8/20,23,1128,42,105,DE
1/9/20,27,945,29,135,DE
1/10/20,7,965,37,158,DE
1/11/20,22,921,26,125,DE
1/12/20,21,1021,19,127,DE
1/13/20,27,827,46,124,DE
1/14/20,34,875,58,100,DE
1/15/20,9,315,14,19,DE
1/16/20,27,190,16,34,DE
1/17/20,24,196,23,29,DE
1/18/20,46,236,7,23,DE
1/19/20,29,228,11,42,DE
1/20/20,141,243,9,19,DE
1/21/20,699,254,13,30,DE
1/22/20,442,148,6,11,DE
1/23/20,463,128,4,10,DE
1/24/20,926,140,7,15,DE
1/25/20,1121,187,8,11,DE
1/26/20,1215,232,8,11,DE
1/27/20,1410,181,6,5,DE
1/28/20,1614,226,13,10,DE
1/29/20,1500,183,19,7,DE
1/30/20,1767,160,10,6,DE
1/31/20,1626,170,9,9,DE
2/1/20,1138,167,9,5,DE
2/2/20,1011,177,8,19,DE
2/3/20,833,172,6,8,DE
2/4/20,712,162,10,8,DE
2/5/20,1084,244,15,18,DE
2/6/20,1055,209,16,21,DE
2/7/20,1279,223,15,14,DE
2/8/20,1217,246,15,22,DE
2/9/20,1035,233,11,15,DE
2/10/20,1020,174,7,15,DE
2/11/20,1172,190,11,24,DE
2/12/20,1680,230,12,24,DE
2/13/20,1666,286,18,25,DE
2/14/20,1166,248,11,15,DE
2/15/20,1059,251,16,15,DE
2/16/20,878,277,15,14,DE
2/17/20,1050,267,17,17,DE
2/18/20,928,223,16,15,DE
2/19/20,1157,319,15,15,DE
2/20/20,909,303,13,23,DE
2/21/20,903,253,16,29,DE
2/22/20,1113,309,26,31,DE
2/23/20,1191,343,23,31,DE
2/24/20,827,162,6,10,DE
2/25/20,0,0,0,0,DE
2/26/20,0,0,0,0,DE
3/11/20,0,0,0,0,DE
3/12/20,0,0,0,0,DE
3/13/20,0,0,0,0,DE
3/14/20,0,0,0,0,DE
3/15/20,0,0,0,0,DE
3/16/20,0,0,0,0,DE
3/17/20,697,14,17,16,DE
3/18/20,1864,48,48,44,DE
3/19/20,1721,52,44,33,DE
3/20/20,1682,55,42,34,DE
3/21/20,1617,74,51,46,DE
3/22/20,1717,74,44,44,DE
3/23/20,1536,75,45,41,DE
3/24/20,1410,68,28,27,DE
3/25/20,56,3,1,1,DE
4/1/20,0,0,0,0,DE
4/2/20,189,46,4,9,DE
4/3/20,84,20,0,0,DE
4/4/20,89,26,0,0,DE
4/5/20,88,21,0,0,DE
4/6/20,88,15,0,0,DE
4/7/20,81,7,0,0,DE
4/8/20,1620,199,38,25,DE
4/9/20,1563,204,30,24,DE
4/10/20,1444,194,34,23,DE
4/11/20,1126,195,35,24,DE
4/12/20,951,148,26,19,DE
4/13/20,1224,120,25,18,DE
1/1/20,1,749,40,89,FL
1/2/20,9,1459,64,132,FL
1/3/20,7,1449,63,127,FL
1/4/20,9,1487,72,154,FL
1/5/20,6,1494,63,152,FL
1/6/20,8,1415,62,138,FL
1/7/20,9,1322,72,144,FL
1/8/20,14,1477,83,152,FL
1/9/20,38,1433,80,139,FL
1/10/20,14,1413,79,147,FL
1/11/20,36,1506,61,162,FL
1/12/20,28,1642,71,165,FL
1/13/20,29,1547,72,144,FL
1/14/20,26,1425,72,144,FL
1/15/20,5,274,10,29,FL
1/16/20,15,203,10,22,FL
1/17/20,23,203,11,24,FL
1/18/20,44,227,4,23,FL
1/19/20,30,218,6,25,FL
1/20/20,122,218,6,23,FL
1/21/20,642,220,10,25,FL
1/22/20,627,152,0,13,FL
1/23/20,649,143,1,9,FL
1/24/20,1195,153,1,13,FL
1/25/20,1481,186,1,17,FL
1/26/20,1633,211,0,13,FL
1/27/20,1728,205,6,5,FL
1/28/20,1861,220,17,12,FL
1/29/20,1394,168,15,2,FL
1/30/20,1481,165,10,0,FL
1/31/20,1553,183,6,1,FL
2/1/20,1180,164,0,1,FL
2/2/20,1044,151,2,5,FL
2/3/20,853,139,0,0,FL
2/4/20,758,133,0,3,FL
2/5/20,1475,260,17,24,FL
2/6/20,1525,252,18,18,FL
2/7/20,1688,254,17,22,FL
2/8/20,1637,267,17,22,FL
2/9/20,1429,267,17,23,FL
2/10/20,1410,246,17,21,FL
2/11/20,1459,247,17,23,FL
2/12/20,1536,301,21,21,FL
2/13/20,1671,316,20,23,FL
2/14/20,1408,278,18,22,FL
2/15/20,1232,282,17,22,FL
2/16/20,1191,293,18,24,FL
2/17/20,1284,282,19,26,FL
2/18/20,1240,265,16,23,FL
2/19/20,876,220,8,24,FL
2/20/20,748,205,13,21,FL
2/21/20,778,196,18,22,FL
2/22/20,969,230,13,21,FL
2/23/20,1160,244,16,22,FL
2/24/20,802,153,7,10,FL
2/25/20,0,0,0,0,FL
2/26/20,0,0,0,0,FL
3/11/20,0,0,0,0,FL
3/12/20,0,0,0,0,FL
3/13/20,0,0,0,0,FL
3/14/20,0,0,0,0,FL
3/15/20,0,0,0,0,FL
3/16/20,0,0,0,0,FL
3/17/20,737,16,17,25,FL
3/18/20,1838,50,46,67,FL
3/19/20,1678,53,43,58,FL
3/20/20,1685,62,42,53,FL
3/21/20,1655,75,36,54,FL
3/22/20,1673,75,38,54,FL
3/23/20,1637,71,28,43,FL
3/24/20,1443,68,25,37,FL
3/25/20,59,3,1,2,FL
4/1/20,0,0,0,0,FL
4/2/20,539,123,37,30,FL
4/3/20,1647,260,37,31,FL
4/4/20,1729,377,41,32,FL
4/5/20,1708,258,34,31,FL
4/6/20,1672,208,25,24,FL
4/7/20,1576,189,25,24,FL
4/8/20,1765,188,29,25,FL
4/9/20,1623,185,26,24,FL
4/10/20,1554,186,25,24,FL
4/11/20,1135,209,27,22,FL
4/12/20,972,154,24,22,FL
4/13/20,1265,143,23,22,FL
1/1/20,0,724,39,94,GA
1/2/20,0,1268,61,102,GA
1/3/20,3,1289,64,106,GA
1/4/20,4,1429,82,137,GA
1/5/20,5,1420,80,128,GA
1/6/20,3,1300,65,107,GA
1/7/20,3,1283,65,124,GA
1/8/20,11,1449,80,147,GA
1/9/20,32,1421,80,124,GA
1/10/20,20,1367,71,127,GA
1/11/20,32,1496,82,134,GA
1/12/20,23,1523,66,149,GA
1/13/20,39,1416,73,112,GA
1/14/20,27,1257,68,131,GA
1/15/20,3,249,12,25,GA
1/16/20,17,192,12,21,GA
1/17/20,17,196,6,21,GA
1/18/20,37,223,6,22,GA
1/19/20,30,225,6,22,GA
1/20/20,107,216,6,19,GA
1/21/20,637,223,8,22,GA
1/22/20,661,162,5,16,GA
1/23/20,616,150,2,9,GA
1/24/20,1124,155,3,11,GA
1/25/20,1364,197,1,10,GA
1/26/20,1489,227,3,10,GA
1/27/20,1605,208,5,10,GA
1/28/20,1729,217,18,11,GA
1/29/20,1553,194,20,3,GA
1/30/20,1563,199,21,2,GA
1/31/20,1600,207,14,6,GA
2/1/20,1213,205,10,10,GA
2/2/20,1116,195,5,11,GA
2/3/20,971,181,7,4,GA
2/4/20,844,164,10,8,GA
2/5/20,1575,332,19,23,GA
2/6/20,1556,320,24,21,GA
2/7/20,1750,312,23,20,GA
2/8/20,1670,341,19,25,GA
2/9/20,1448,334,18,21,GA
2/10/20,1482,306,20,20,GA
2/11/20,1552,294,21,21,GA
2/12/20,1571,281,19,22,GA
2/13/20,1579,301,19,19,GA
2/14/20,1201,262,14,21,GA
2/15/20,1031,279,10,19,GA
2/16/20,998,282,15,22,GA
2/17/20,1073,264,16,21,GA
2/18/20,1016,251,12,21,GA
2/19/20,804,214,13,21,GA
2/20/20,685,208,9,17,GA
2/21/20,695,208,15,17,GA
2/22/20,842,244,18,19,GA
2/23/20,1041,266,13,22,GA
2/24/20,688,147,9,8,GA
2/25/20,0,0,0,0,GA
2/26/20,0,0,0,0,GA
3/11/20,0,0,0,0,GA
3/12/20,0,0,0,0,GA
3/13/20,0,0,0,0,GA
3/14/20,0,0,0,0,GA
3/15/20,0,0,0,0,GA
3/16/20,0,0,0,0,GA
3/17/20,717,17,24,19,GA
3/18/20,1893,53,47,49,GA
3/19/20,1767,60,46,46,GA
3/20/20,1723,70,43,42,GA
3/21/20,1711,92,47,43,GA
3/22/20,1764,94,43,43,GA
3/23/20,1754,94,42,29,GA
3/24/20,1594,82,28,25,GA
3/25/20,67,4,1,1,GA
4/1/20,0,0,0,0,GA
4/2/20,233,201,100,100,GA
4/3/20,84,11,0,0,GA
4/4/20,88,23,0,0,GA
4/5/20,86,12,0,0,GA
4/6/20,88,3,0,0,GA
4/7/20,84,3,0,0,GA
4/8/20,1863,201,39,25,GA
4/9/20,1755,183,35,24,GA
4/10/20,1631,168,32,24,GA
4/11/20,1142,172,30,24,GA
4/12/20,918,132,24,23,GA
4/13/20,1251,106,22,17,GA
1/1/20,0,608,33,46,HI
1/2/20,0,1078,40,46,HI
1/3/20,0,1116,49,107,HI
1/4/20,0,988,37,96,HI
1/5/20,0,1130,46,74,HI
1/6/20,2,1078,58,89,HI
1/7/20,14,1057,50,83,HI
1/8/20,4,939,39,62,HI
1/9/20,47,965,45,67,HI
1/10/20,13,834,43,71,HI
1/11/20,31,774,31,40,HI
1/12/20,10,997,49,68,HI
1/13/20,18,1070,41,73,HI
1/14/20,30,875,37,65,HI
1/15/20,10,239,9,29,HI
1/16/20,36,210,10,15,HI
1/17/20,57,208,14,15,HI
1/18/20,157,208,7,17,HI
1/19/20,67,209,8,15,HI
1/20/20,171,211,3,12,HI
1/21/20,794,250,14,28,HI
1/22/20,539,97,1,2,HI
1/23/20,541,112,1,6,HI
1/24/20,935,109,0,1,HI
1/25/20,1216,161,6,6,HI
1/26/20,1384,205,5,0,HI
1/27/20,1483,201,4,2,HI
1/28/20,1691,253,6,2,HI
1/29/20,1603,254,16,3,HI
1/30/20,1683,273,16,1,HI
1/31/20,1562,262,10,2,HI
2/1/20,1353,283,12,1,HI
2/2/20,1135,205,11,3,HI
2/3/20,1074,198,8,1,HI
2/4/20,1089,208,11,1,HI
2/5/20,1436,231,19,3,HI
2/6/20,1346,215,20,7,HI
2/7/20,1544,221,18,3,HI
2/8/20,1452,219,21,1,HI
2/9/20,1179,183,16,4,HI
2/10/20,1215,157,10,4,HI
2/11/20,1378,178,16,2,HI
2/12/20,1134,159,18,3,HI
2/13/20,1170,167,20,3,HI
2/14/20,1123,153,10,3,HI
2/15/20,1865,222,24,3,HI
2/16/20,1472,203,24,2,HI
2/17/20,1444,181,25,6,HI
2/18/20,1345,179,28,6,HI
2/19/20,1209,211,24,9,HI
2/20/20,1093,183,22,4,HI
2/21/20,1124,192,19,6,HI
2/22/20,1215,176,27,5,HI
2/23/20,1315,199,23,5,HI
2/24/20,708,123,21,1,HI
2/25/20,0,0,0,0,HI
2/26/20,0,0,0,0,HI
3/11/20,0,0,0,0,HI
3/12/20,0,0,0,0,HI
3/13/20,0,0,0,0,HI
3/14/20,0,0,0,0,HI
3/15/20,0,0,0,0,HI
3/16/20,0,0,0,0,HI
3/17/20,610,19,22,17,HI
3/18/20,1670,58,56,50,HI
3/19/20,1538,72,53,44,HI
3/20/20,1604,90,50,45,HI
3/21/20,1596,110,49,43,HI
3/22/20,1552,110,47,48,HI
3/23/20,1484,120,41,37,HI
3/24/20,1361,118,38,34,HI
3/25/20,48,5,2,1,HI
4/1/20,0,0,0,0,HI
4/2/20,277,58,0,0,HI
4/3/20,310,149,4,0,HI
4/4/20,327,160,3,0,HI
4/5/20,324,116,5,0,HI
4/6/20,327,97,1,0,HI
4/7/20,299,81,1,0,HI
4/8/20,1779,428,50,24,HI
4/9/20,1696,381,46,22,HI
4/10/20,1648,373,41,23,HI
4/11/20,1215,370,44,24,HI
4/12/20,1015,327,35,22,HI
4/13/20,1410,263,29,19,HI
1/1/20,14,595,23,93,IA
1/2/20,18,1087,61,132,IA
1/3/20,31,980,50,99,IA
1/4/20,24,1060,42,147,IA
1/5/20,11,1058,64,145,IA
1/6/20,12,987,46,111,IA
1/7/20,40,1036,54,105,IA
1/8/20,23,1257,86,161,IA
1/9/20,75,1227,49,128,IA
1/10/20,28,1117,62,125,IA
1/11/20,19,1340,48,135,IA
1/12/20,72,1271,44,158,IA
1/13/20,45,1082,60,125,IA
1/14/20,70,1056,76,128,IA
1/15/20,10,241,20,29,IA
1/16/20,21,206,14,26,IA
1/17/20,33,204,6,18,IA
1/18/20,44,238,10,26,IA
1/19/20,49,240,9,29,IA
1/20/20,150,267,11,28,IA
1/21/20,678,253,13,32,IA
1/22/20,551,142,7,10,IA
1/23/20,541,121,1,16,IA
1/24/20,1266,134,3,10,IA
1/25/20,1553,152,2,17,IA
1/26/20,1644,185,4,20,IA
1/27/20,1749,165,6,8,IA
1/28/20,1662,168,12,11,IA
1/29/20,1673,164,18,9,IA
1/30/20,1612,152,18,10,IA
1/31/20,1628,165,10,13,IA
2/1/20,1205,168,7,15,IA
2/2/20,1056,177,8,9,IA
2/3/20,937,148,7,16,IA
2/4/20,774,132,5,13,IA
2/5/20,1250,179,15,21,IA
2/6/20,1842,199,15,19,IA
2/7/20,1713,196,9,15,IA
2/8/20,1487,221,8,21,IA
2/9/20,1133,217,6,23,IA
2/10/20,1243,172,12,21,IA
2/11/20,1215,176,12,18,IA
2/12/20,1535,280,21,19,IA
2/13/20,1631,305,22,22,IA
2/14/20,1398,265,11,23,IA
2/15/20,1201,314,17,28,IA
2/16/20,1686,305,19,23,IA
2/17/20,1517,290,21,25,IA
2/18/20,1356,249,21,27,IA
2/19/20,1503,313,18,30,IA
2/20/20,1236,315,22,34,IA
2/21/20,1463,316,22,30,IA
2/22/20,1423,352,21,28,IA
2/23/20,1533,361,16,34,IA
2/24/20,984,212,10,14,IA
2/25/20,0,0,0,0,IA
2/26/20,0,0,0,0,IA
3/11/20,0,0,0,0,IA
3/12/20,0,0,0,0,IA
3/13/20,0,0,0,0,IA
3/14/20,0,0,0,0,IA
3/15/20,0,0,0,0,IA
3/16/20,0,0,0,0,IA
3/17/20,720,12,19,26,IA
3/18/20,1908,38,50,64,IA
3/19/20,1670,49,43,50,IA
3/20/20,1515,64,41,49,IA
3/21/20,1537,102,41,55,IA
3/22/20,1622,93,41,48,IA
3/23/20,1551,86,37,38,IA
3/24/20,1441,71,30,32,IA
3/25/20,56,3,1,1,IA
4/1/20,0,0,0,0,IA
4/2/20,214,95,5,10,IA
4/3/20,76,16,0,0,IA
4/4/20,77,24,0,0,IA
4/5/20,79,18,0,0,IA
4/6/20,82,17,0,0,IA
4/7/20,77,5,0,0,IA
4/8/20,1747,215,35,27,IA
4/9/20,1639,219,39,29,IA
4/10/20,1530,208,31,26,IA
4/11/20,1175,190,33,26,IA
4/12/20,1058,162,24,20,IA
4/13/20,1325,132,21,19,IA
1/1/20,5,533,29,51,ID
1/2/20,9,1000,39,115,ID
1/3/20,21,928,49,67,ID
1/4/20,10,944,37,69,ID
1/5/20,5,932,47,172,ID
1/6/20,13,917,56,136,ID
1/7/20,11,864,41,62,ID
1/8/20,4,321,19,35,ID
1/9/20,3,323,12,41,ID
1/10/20,3,324,12,48,ID
1/11/20,18,326,9,30,ID
1/12/20,20,384,11,60,ID
1/13/20,3,309,26,150,ID
1/14/20,3,322,9,24,ID
1/15/20,8,174,7,19,ID
1/16/20,16,189,7,18,ID
1/17/20,15,159,4,13,ID
1/18/20,33,194,8,18,ID
1/19/20,22,208,7,17,ID
1/20/20,101,200,5,29,ID
1/21/20,631,189,8,21,ID
1/22/20,581,109,3,10,ID
1/23/20,514,109,1,8,ID
1/24/20,893,120,2,6,ID
1/25/20,1165,121,5,10,ID
1/26/20,1445,166,2,8,ID
1/27/20,1475,145,4,11,ID
1/28/20,1555,126,8,10,ID
1/29/20,1736,184,14,10,ID
1/30/20,1628,166,15,5,ID
1/31/20,1668,164,7,10,ID
2/1/20,1281,175,4,5,ID
2/2/20,1150,170,7,17,ID
2/3/20,1023,145,7,7,ID
2/4/20,1019,151,8,9,ID
2/5/20,1184,162,8,10,ID
2/6/20,1250,187,10,13,ID
2/7/20,1419,172,15,17,ID
2/8/20,1314,202,6,14,ID
2/9/20,1220,193,9,13,ID
2/10/20,1235,164,11,13,ID
2/11/20,1230,182,10,56,ID
2/12/20,1208,157,16,17,ID
2/13/20,1473,199,12,11,ID
2/14/20,1224,195,13,10,ID
2/15/20,1129,181,4,21,ID
2/16/20,1021,204,9,66,ID
2/17/20,1076,198,7,19,ID
2/18/20,1062,180,11,16,ID
2/19/20,1104,196,11,18,ID
2/20/20,1415,207,15,21,ID
2/21/20,1242,206,12,12,ID
2/22/20,1297,233,16,19,ID
2/23/20,1443,255,9,33,ID
2/24/20,877,172,6,9,ID
2/25/20,0,0,0,0,ID
2/26/20,0,0,0,0,ID
3/11/20,0,0,0,0,ID
3/12/20,0,0,0,0,ID
3/13/20,0,0,0,0,ID
3/14/20,0,0,0,0,ID
3/15/20,0,0,0,0,ID
3/16/20,0,0,0,0,ID
3/17/20,741,14,17,34,ID
3/18/20,1666,29,31,81,ID
3/19/20,1509,33,26,65,ID
3/20/20,1582,47,26,61,ID
3/21/20,1588,59,29,65,ID
3/22/20,1584,61,30,62,ID
3/23/20,1573,51,25,45,ID
3/24/20,1462,53,26,47,ID
3/25/20,57,3,1,2,ID
4/1/20,0,0,0,0,ID
4/2/20,236,93,10,2,ID
4/3/20,95,16,0,0,ID
4/4/20,97,24,0,0,ID
4/5/20,93,18,0,0,ID
4/6/20,92,9,0,0,ID
4/7/20,89,1,0,0,ID
4/8/20,1658,169,26,23,ID
4/9/20,1604,147,23,26,ID
4/10/20,1545,137,24,22,ID
4/11/20,1184,133,20,21,ID
4/12/20,992,104,19,17,ID
4/13/20,1254,90,17,18,ID
1/1/20,10,808,34,111,IL
1/2/20,15,1462,61,148,IL
1/3/20,19,1469,74,152,IL
1/4/20,18,1592,69,164,IL
1/5/20,14,1591,66,192,IL
1/6/20,14,1446,65,139,IL
1/7/20,14,1397,73,143,IL
1/8/20,21,1414,73,152,IL
1/9/20,36,1394,67,139,IL
1/10/20,32,1327,64,126,IL
1/11/20,30,1465,60,149,IL
1/12/20,38,1547,68,177,IL
1/13/20,31,1464,71,133,IL
1/14/20,36,1308,74,128,IL
1/15/20,5,278,15,29,IL
1/16/20,18,213,10,22,IL
1/17/20,25,219,10,26,IL
1/18/20,43,252,6,24,IL
1/19/20,31,253,8,26,IL
1/20/20,130,237,9,21,IL
1/21/20,729,261,14,21,IL
1/22/20,322,71,0,1,IL
1/23/20,267,57,0,0,IL
1/24/20,822,70,0,0,IL
1/25/20,889,88,0,0,IL
1/26/20,733,90,0,0,IL
1/27/20,711,82,0,0,IL
1/28/20,721,87,0,0,IL
1/29/20,1330,163,18,0,IL
1/30/20,1458,174,16,3,IL
1/31/20,1542,179,6,0,IL
2/1/20,1117,165,2,2,IL
2/2/20,980,157,3,4,IL
2/3/20,846,138,1,0,IL
2/4/20,740,131,2,0,IL
2/5/20,1481,250,22,20,IL
2/6/20,1561,249,22,17,IL
2/7/20,1701,256,23,22,IL
2/8/20,1550,275,20,22,IL
2/9/20,1317,271,23,19,IL
2/10/20,1332,232,18,19,IL
2/11/20,1280,233,20,23,IL
2/12/20,1617,336,23,25,IL
2/13/20,1771,351,22,22,IL
2/14/20,1457,323,20,24,IL
2/15/20,1287,337,17,22,IL
2/16/20,1244,345,21,31,IL
2/17/20,1392,327,21,26,IL
2/18/20,1363,313,21,25,IL
2/19/20,905,240,18,25,IL
2/20/20,777,232,16,20,IL
2/21/20,842,233,21,22,IL
2/22/20,993,265,16,20,IL
2/23/20,1179,282,16,23,IL
2/24/20,777,165,8,11,IL
2/25/20,0,0,0,0,IL
2/26/20,0,0,0,0,IL
3/11/20,0,0,0,0,IL
3/12/20,0,0,0,0,IL
3/13/20,0,0,0,0,IL
3/14/20,0,0,0,0,IL
3/15/20,0,0,0,0,IL
3/16/20,0,0,0,0,IL
3/17/20,746,16,20,19,IL
3/18/20,1941,51,51,51,IL
3/19/20,1841,61,47,47,IL
3/20/20,1763,69,42,45,IL
3/21/20,1565,94,43,44,IL
3/22/20,1607,96,38,38,IL
3/23/20,1531,90,40,27,IL
3/24/20,1391,84,34,24,IL
3/25/20,54,3,1,1,IL
4/1/20,0,0,0,0,IL
4/2/20,569,137,22,11,IL
4/3/20,1720,292,47,24,IL
4/4/20,1785,433,48,24,IL
4/5/20,1743,295,44,25,IL
4/6/20,1769,224,38,23,IL
4/7/20,1682,191,31,22,IL
4/8/20,1921,198,37,25,IL
4/9/20,1766,183,39,24,IL
4/10/20,1667,189,36,24,IL
4/11/20,1195,184,34,20,IL
4/12/20,1017,146,25,21,IL
4/13/20,1375,124,25,20,IL
1/1/20,5,750,47,99,IN
1/2/20,8,1424,70,128,IN
1/3/20,13,1307,70,140,IN
1/4/20,14,1447,60,182,IN
1/5/20,12,1473,75,249,IN
1/6/20,6,1340,99,137,IN
1/7/20,8,1329,54,166,IN
1/8/20,10,885,65,94,IN
1/9/20,37,927,58,108,IN
1/10/20,20,856,56,92,IN
1/11/20,23,925,47,104,IN
1/12/20,14,907,40,117,IN
1/13/20,17,899,56,211,IN
1/14/20,24,804,59,79,IN
1/15/20,5,253,16,27,IN
1/16/20,12,227,15,21,IN
1/17/20,23,225,18,29,IN
1/18/20,35,247,15,26,IN
1/19/20,28,254,15,28,IN
1/20/20,116,255,12,37,IN
1/21/20,640,247,15,25,IN
1/22/20,494,136,2,9,IN
1/23/20,486,129,1,9,IN
1/24/20,1179,136,3,10,IN
1/25/20,1404,162,3,16,IN
1/26/20,1401,170,4,12,IN
1/27/20,1426,172,6,13,IN
1/28/20,1627,174,18,12,IN
1/29/20,1731,133,16,3,IN
1/30/20,1395,119,13,2,IN
1/31/20,1302,132,8,1,IN
2/1/20,880,125,6,1,IN
2/2/20,751,123,2,10,IN
2/3/20,651,109,0,2,IN
2/4/20,551,108,0,1,IN
2/5/20,1518,299,21,25,IN
2/6/20,1529,303,18,24,IN
2/7/20,1706,296,23,24,IN
2/8/20,1631,320,15,33,IN
2/9/20,1421,316,20,26,IN
2/10/20,1468,294,23,22,IN
2/11/20,1523,292,16,67,IN
2/12/20,1559,343,23,29,IN
2/13/20,1673,372,23,28,IN
2/14/20,1359,346,19,36,IN
2/15/20,1247,347,24,33,IN
2/16/20,1220,363,22,72,IN
2/17/20,1367,348,23,31,IN
2/18/20,1275,328,22,36,IN
2/19/20,878,233,20,24,IN
2/20/20,774,225,22,20,IN
2/21/20,800,235,15,20,IN
2/22/20,920,252,15,21,IN
2/23/20,1037,261,14,33,IN
2/24/20,706,155,9,10,IN
2/25/20,0,0,0,0,IN
2/26/20,0,0,0,0,IN
3/11/20,0,0,0,0,IN
3/12/20,0,0,0,0,IN
3/13/20,0,0,0,0,IN
3/14/20,0,0,0,0,IN
3/15/20,0,0,0,0,IN
3/16/20,0,0,0,0,IN
3/17/20,760,16,16,24,IN
3/18/20,1874,50,45,57,IN
3/19/20,1745,54,44,47,IN
3/20/20,1626,67,38,47,IN
3/21/20,1605,95,40,51,IN
3/22/20,1658,91,38,47,IN
3/23/20,1709,86,34,34,IN
3/24/20,1419,84,27,28,IN
3/25/20,55,4,1,1,IN
4/1/20,0,0,0,0,IN
4/2/20,231,200,100,100,IN
4/3/20,79,12,0,0,IN
4/4/20,83,20,0,0,IN
4/5/20,77,17,0,0,IN
4/6/20,81,3,0,0,IN
4/7/20,76,0,0,0,IN
4/8/20,2022,205,45,24,IN
4/9/20,1878,188,40,23,IN
4/10/20,1793,189,41,24,IN
4/11/20,1260,181,38,23,IN
4/12/20,1043,144,25,23,IN
4/13/20,1526,134,30,25,IN
1/1/20,14,650,22,99,KS
1/2/20,32,1335,64,112,KS
1/3/20,26,1214,68,130,KS
1/4/20,22,1245,63,103,KS
1/5/20,27,1215,51,314,KS
1/6/20,20,1126,51,171,KS
1/7/20,34,1182,42,90,KS
1/8/20,5,331,12,36,KS
1/9/20,14,245,14,26,KS
1/10/20,4,284,14,26,KS
1/11/20,8,274,16,30,KS
1/12/20,12,261,10,27,KS
1/13/20,4,285,12,170,KS
1/14/20,7,255,9,22,KS
1/15/20,4,210,14,20,KS
1/16/20,16,201,9,17,KS
1/17/20,24,196,7,17,KS
1/18/20,35,217,12,19,KS
1/19/20,22,205,10,35,KS
1/20/20,125,220,7,59,KS
1/21/20,634,217,13,23,KS
1/22/20,191,40,0,0,KS
1/23/20,160,35,0,0,KS
1/24/20,310,38,1,0,KS
1/25/20,390,46,0,1,KS
1/26/20,441,52,0,0,KS
1/27/20,445,44,0,5,KS
1/28/20,744,55,0,2,KS
1/29/20,1519,91,8,1,KS
1/30/20,1019,92,3,2,KS
1/31/20,931,87,2,2,KS
2/1/20,686,85,0,1,KS
2/2/20,531,71,0,11,KS
2/3/20,400,55,0,0,KS
2/4/20,363,64,0,1,KS
2/5/20,1299,264,20,21,KS
2/6/20,1399,246,16,19,KS
2/7/20,1572,270,18,15,KS
2/8/20,1555,322,15,29,KS
2/9/20,1475,314,11,24,KS
2/10/20,1571,266,17,22,KS
2/11/20,1438,259,12,138,KS
2/12/20,1458,306,18,27,KS
2/13/20,1649,343,19,22,KS
2/14/20,1409,334,12,24,KS
2/15/20,1249,321,19,28,KS
2/16/20,1183,328,18,147,KS
2/17/20,1459,315,15,28,KS
2/18/20,1356,319,20,27,KS
2/19/20,1076,281,13,28,KS
2/20/20,968,265,16,23,KS
2/21/20,938,238,16,29,KS
2/22/20,1056,293,13,23,KS
2/23/20,1249,297,13,56,KS
2/24/20,759,147,8,14,KS
2/25/20,0,0,0,0,KS
2/26/20,0,0,0,0,KS
3/11/20,0,0,0,0,KS
3/12/20,0,0,0,0,KS
3/13/20,0,0,0,0,KS
3/14/20,0,0,0,0,KS
3/15/20,0,0,0,0,KS
3/16/20,0,0,0,0,KS
3/17/20,654,13,16,20,KS
3/18/20,1971,47,49,65,KS
3/19/20,1710,50,46,54,KS
3/20/20,1672,65,43,59,KS
3/21/20,1667,90,45,65,KS
3/22/20,1666,88,39,67,KS
3/23/20,1596,75,42,50,KS
3/24/20,1427,80,32,36,KS
3/25/20,56,3,1,1,KS
4/1/20,0,0,0,0,KS
4/2/20,151,100,85,24,KS
4/3/20,73,9,0,0,KS
4/4/20,77,24,0,0,KS
4/5/20,76,20,0,0,KS
4/6/20,78,16,0,0,KS
4/7/20,75,6,0,0,KS
4/8/20,1640,210,34,23,KS
4/9/20,1535,189,34,25,KS
4/10/20,1436,181,32,23,KS
4/11/20,1095,176,29,23,KS
4/12/20,931,137,24,21,KS
4/13/20,1214,117,22,30,KS
1/1/20,13,641,39,81,KY
1/2/20,45,1251,64,106,KY
1/3/20,22,1069,66,132,KY
1/4/20,21,1278,55,125,KY
1/5/20,18,1180,48,116,KY
1/6/20,16,1055,82,126,KY
1/7/20,14,1003,54,125,KY
1/8/20,16,1214,78,165,KY
1/9/20,32,1265,75,134,KY
1/10/20,16,1177,71,134,KY
1/11/20,37,1308,60,134,KY
1/12/20,32,1307,73,143,KY
1/13/20,30,1238,73,168,KY
1/14/20,45,1151,74,125,KY
1/15/20,10,256,14,26,KY
1/16/20,11,202,13,19,KY
1/17/20,24,214,13,27,KY
1/18/20,40,246,14,27,KY
1/19/20,26,226,9,26,KY
1/20/20,138,221,14,25,KY
1/21/20,667,231,13,19,KY
1/22/20,619,168,9,19,KY
1/23/20,627,162,7,13,KY
1/24/20,1454,179,10,15,KY
1/25/20,1603,203,7,16,KY
1/26/20,1688,207,8,16,KY
1/27/20,1717,206,7,15,KY
1/28/20,1882,217,22,18,KY
1/29/20,1498,156,20,11,KY
1/30/20,1407,153,15,11,KY
1/31/20,1413,164,12,7,KY
2/1/20,1020,148,9,14,KY
2/2/20,916,150,8,14,KY
2/3/20,804,138,9,6,KY
2/4/20,681,133,5,15,KY
2/5/20,1517,322,26,28,KY
2/6/20,1691,341,24,25,KY
2/7/20,1731,322,20,25,KY
2/8/20,1643,337,18,34,KY
2/9/20,1421,346,22,31,KY
2/10/20,1422,315,21,22,KY
2/11/20,1440,304,20,33,KY
2/12/20,1485,359,25,32,KY
2/13/20,1766,413,24,31,KY
2/14/20,1470,357,19,31,KY
2/15/20,1242,358,21,37,KY
2/16/20,1251,375,18,41,KY
2/17/20,1454,371,19,32,KY
2/18/20,1378,357,25,32,KY
2/19/20,1036,282,21,26,KY
2/20/20,855,290,20,25,KY
2/21/20,891,286,19,25,KY
2/22/20,1024,309,15,34,KY
2/23/20,1136,317,18,25,KY
2/24/20,762,179,14,13,KY
2/25/20,0,0,0,0,KY
2/26/20,0,0,0,0,KY
3/11/20,0,0,0,0,KY
3/12/20,0,0,0,0,KY
3/13/20,0,0,0,0,KY
3/14/20,0,0,0,0,KY
3/15/20,0,0,0,0,KY
3/16/20,0,0,0,0,KY
3/17/20,706,16,16,22,KY
3/18/20,1933,49,44,58,KY
3/19/20,1736,53,39,49,KY
3/20/20,1611,68,40,44,KY
3/21/20,1597,97,47,44,KY
3/22/20,1646,97,42,42,KY
3/23/20,1592,89,43,32,KY
3/24/20,1448,83,32,24,KY
3/25/20,61,4,1,1,KY
4/1/20,0,0,0,0,KY
4/2/20,189,121,42,21,KY
4/3/20,74,8,0,0,KY
4/4/20,76,20,0,0,KY
4/5/20,75,16,0,0,KY
4/6/20,75,5,0,0,KY
4/7/20,73,0,0,0,KY
4/8/20,1998,224,47,25,KY
4/9/20,1861,193,43,23,KY
4/10/20,1753,198,45,23,KY
4/11/20,1206,186,41,23,KY
4/12/20,1001,147,34,23,KY
4/13/20,1428,135,31,19,KY
1/1/20,10,766,28,115,LA
1/2/20,10,1379,69,121,LA
1/3/20,17,1449,68,127,LA
1/4/20,22,1442,58,116,LA
1/5/20,14,1442,57,133,LA
1/6/20,18,1357,57,120,LA
1/7/20,16,1394,65,131,LA
1/8/20,13,1345,55,112,LA
1/9/20,26,1334,59,141,LA
1/10/20,20,1251,45,147,LA
1/11/20,28,1377,51,131,LA
1/12/20,26,1371,61,125,LA
1/13/20,29,1296,50,128,LA
1/14/20,26,1110,46,95,LA
1/15/20,3,326,11,38,LA
1/16/20,13,247,13,21,LA
1/17/20,28,269,11,25,LA
1/18/20,51,271,10,24,LA
1/19/20,25,286,11,24,LA
1/20/20,139,278,12,21,LA
1/21/20,653,283,20,24,LA
1/22/20,669,204,10,16,LA
1/23/20,658,198,5,8,LA
1/24/20,1317,201,11,14,LA
1/25/20,1527,243,7,16,LA
1/26/20,1710,255,4,13,LA
1/27/20,1677,240,11,14,LA
1/28/20,1669,247,22,21,LA
1/29/20,1544,228,28,13,LA
1/30/20,1578,224,20,11,LA
1/31/20,1602,229,17,13,LA
2/1/20,1220,239,7,11,LA
2/2/20,1134,217,8,17,LA
2/3/20,917,225,7,13,LA
2/4/20,846,209,15,11,LA
2/5/20,1253,313,18,19,LA
2/6/20,1344,323,19,18,LA
2/7/20,1591,329,17,25,LA
2/8/20,1588,348,11,23,LA
2/9/20,1258,325,12,21,LA
2/10/20,1286,297,18,19,LA
2/11/20,1228,288,15,28,LA
2/12/20,1447,414,25,29,LA
2/13/20,1674,467,26,26,LA
2/14/20,1414,435,17,30,LA
2/15/20,1236,451,24,32,LA
2/16/20,1212,470,21,36,LA
2/17/20,1326,473,20,30,LA
2/18/20,1310,471,20,31,LA
2/19/20,1703,632,27,50,LA
2/20/20,1387,602,21,35,LA
2/21/20,1339,619,24,46,LA
2/22/20,1462,625,27,37,LA
2/23/20,1682,583,30,44,LA
2/24/20,995,346,12,20,LA
2/25/20,0,0,0,0,LA
2/26/20,0,0,0,0,LA
3/11/20,0,0,0,0,LA
3/12/20,0,0,0,0,LA
3/13/20,0,0,0,0,LA
3/14/20,0,0,0,0,LA
3/15/20,0,0,0,0,LA
3/16/20,0,0,0,0,LA
3/17/20,712,16,24,16,LA
3/18/20,1931,52,52,42,LA
3/19/20,1834,65,47,37,LA
3/20/20,1730,75,44,40,LA
3/21/20,1695,110,49,41,LA
3/22/20,1835,113,48,39,LA
3/23/20,1692,108,44,27,LA
3/24/20,1423,95,43,23,LA
3/25/20,54,4,2,1,LA
4/1/20,0,0,0,0,LA
4/2/20,227,152,27,5,LA
4/3/20,70,17,0,0,LA
4/4/20,73,23,0,0,LA
4/5/20,72,15,0,0,LA
4/6/20,75,6,0,0,LA
4/7/20,72,2,0,0,LA
4/8/20,1685,209,54,21,LA
4/9/20,1556,189,46,23,LA
4/10/20,1436,167,42,19,LA
4/11/20,952,161,41,17,LA
4/12/20,764,129,27,13,LA
4/13/20,1167,118,36,9,LA
1/1/20,1,774,31,89,MA
1/2/20,1,1399,58,147,MA
1/3/20,6,1364,62,151,MA
1/4/20,21,1478,69,146,MA
1/5/20,6,1537,64,149,MA
1/6/20,8,1290,57,127,MA
1/7/20,5,1368,71,141,MA
1/8/20,10,1489,66,151,MA
1/9/20,58,1515,69,117,MA
1/10/20,28,1354,70,129,MA
1/11/20,42,1489,57,150,MA
1/12/20,43,1433,59,139,MA
1/13/20,27,1379,55,129,MA
1/14/20,34,1379,70,121,MA
1/15/20,2,255,13,24,MA
1/16/20,14,170,4,18,MA
1/17/20,20,180,4,22,MA
1/18/20,48,217,7,20,MA
1/19/20,39,205,3,19,MA
1/20/20,119,217,4,20,MA
1/21/20,704,233,11,23,MA
1/22/20,480,130,2,3,MA
1/23/20,570,139,0,2,MA
1/24/20,846,131,0,0,MA
1/25/20,1051,152,1,4,MA
1/26/20,1255,188,1,3,MA
1/27/20,1354,186,0,4,MA
1/28/20,1764,208,17,2,MA
1/29/20,962,116,2,0,MA
1/30/20,927,117,0,0,MA
1/31/20,851,115,1,0,MA
2/1/20,1012,125,0,0,MA
2/2/20,999,134,0,0,MA
2/3/20,685,103,0,0,MA
2/4/20,548,85,1,0,MA
2/5/20,1611,272,19,15,MA
2/6/20,1517,254,19,16,MA
2/7/20,1746,265,20,16,MA
2/8/20,1579,282,22,22,MA
2/9/20,1377,287,21,18,MA
2/10/20,1380,238,17,16,MA
2/11/20,1340,215,19,19,MA
2/12/20,1517,295,21,23,MA
2/13/20,1740,311,19,26,MA
2/14/20,1425,284,17,15,MA
2/15/20,1330,304,21,21,MA
2/16/20,1258,304,20,22,MA
2/17/20,1382,300,19,29,MA
2/18/20,1330,286,18,22,MA
2/19/20,629,156,2,12,MA
2/20/20,543,138,6,8,MA
2/21/20,603,143,4,6,MA
2/22/20,756,175,7,10,MA
2/23/20,892,187,6,11,MA
2/24/20,659,101,5,4,MA
2/25/20,0,0,0,0,MA
2/26/20,0,0,0,0,MA
3/11/20,0,0,0,0,MA
3/12/20,0,0,0,0,MA
3/13/20,0,0,0,0,MA
3/14/20,0,0,0,0,MA
3/15/20,0,0,0,0,MA
3/16/20,0,0,0,0,MA
3/17/20,755,21,24,24,MA
3/18/20,1912,57,52,58,MA
3/19/20,1760,70,50,49,MA
3/20/20,1764,90,46,48,MA
3/21/20,1718,119,48,52,MA
3/22/20,1733,114,49,53,MA
3/23/20,1669,91,33,43,MA
3/24/20,1430,83,27,34,MA
3/25/20,59,3,1,2,MA
4/1/20,0,0,0,0,MA
4/2/20,28,108,34,0,MA
4/3/20,83,21,0,0,MA
4/4/20,90,27,0,0,MA
4/5/20,87,21,0,0,MA
4/6/20,90,19,0,0,MA
4/7/20,83,8,0,0,MA
4/8/20,1900,241,42,32,MA
4/9/20,1785,212,32,27,MA
4/10/20,1740,224,33,24,MA
4/11/20,1299,262,35,28,MA
4/12/20,1118,186,24,23,MA
4/13/20,1441,156,25,22,MA
1/1/20,14,696,39,90,MD
1/2/20,8,1286,67,138,MD
1/3/20,20,1302,77,112,MD
1/4/20,7,1337,58,149,MD
1/5/20,12,1444,73,146,MD
1/6/20,9,1309,65,129,MD
1/7/20,6,1220,62,122,MD
1/8/20,26,1415,64,119,MD
1/9/20,66,1456,76,124,MD
1/10/20,27,1466,70,131,MD
1/11/20,38,1548,69,169,MD
1/12/20,38,1509,67,166,MD
1/13/20,39,1502,78,144,MD
1/14/20,38,1477,93,142,MD
1/15/20,5,264,14,28,MD
1/16/20,13,198,9,18,MD
1/17/20,26,201,7,21,MD
1/18/20,46,230,9,23,MD
1/19/20,30,231,8,25,MD
1/20/20,128,226,8,23,MD
1/21/20,683,252,13,21,MD
1/22/20,397,106,0,2,MD
1/23/20,416,100,0,5,MD
1/24/20,704,108,0,1,MD
1/25/20,853,132,0,4,MD
1/26/20,1032,161,1,4,MD
1/27/20,1181,145,1,0,MD
1/28/20,1698,174,11,2,MD
1/29/20,1800,199,23,4,MD
1/30/20,1624,206,17,5,MD
1/31/20,1532,219,13,4,MD
2/1/20,1137,198,13,5,MD
2/2/20,1054,188,12,8,MD
2/3/20,935,159,10,1,MD
2/4/20,810,156,7,2,MD
2/5/20,1443,284,24,19,MD
2/6/20,1457,292,22,21,MD
2/7/20,1652,284,20,19,MD
2/8/20,1535,305,20,24,MD
2/9/20,1349,300,19,24,MD
2/10/20,1419,259,22,20,MD
2/11/20,1387,260,18,22,MD
2/12/20,1566,321,22,25,MD
2/13/20,1720,358,23,22,MD
2/14/20,1350,326,18,22,MD
2/15/20,1225,335,20,28,MD
2/16/20,1223,336,21,31,MD
2/17/20,1454,343,18,24,MD
2/18/20,1405,311,18,26,MD
2/19/20,1013,247,18,22,MD
2/20/20,886,246,13,20,MD
2/21/20,900,242,18,19,MD
2/22/20,1063,296,19,18,MD
2/23/20,1288,298,19,21,MD
2/24/20,849,172,7,8,MD
2/25/20,0,0,0,0,MD
2/26/20,0,0,0,0,MD
3/11/20,0,0,0,0,MD
3/12/20,0,0,0,0,MD
3/13/20,0,0,0,0,MD
3/14/20,0,0,0,0,MD
3/15/20,0,0,0,0,MD
3/16/20,0,0,0,0,MD
3/17/20,722,17,18,17,MD
3/18/20,1894,53,47,44,MD
3/19/20,1785,60,47,41,MD
3/20/20,1727,71,45,44,MD
3/21/20,1687,90,43,49,MD
3/22/20,1738,90,41,50,MD
3/23/20,1669,82,36,41,MD
3/24/20,1432,77,27,33,MD
3/25/20,58,3,1,1,MD
4/1/20,0,0,0,0,MD
4/2/20,134,10,1,100,MD
4/3/20,90,20,0,0,MD
4/4/20,93,25,0,0,MD
4/5/20,93,19,0,0,MD
4/6/20,91,18,0,0,MD
4/7/20,84,7,0,0,MD
4/8/20,1922,240,36,34,MD
4/9/20,1876,236,39,31,MD
4/10/20,1744,268,36,26,MD
4/11/20,1289,256,36,30,MD
4/12/20,1128,211,24,24,MD
4/13/20,1528,184,27,23,MD
1/1/20,0,488,26,85,ME
1/2/20,2,732,28,92,ME
1/3/20,1,746,25,78,ME
1/4/20,11,940,30,114,ME
1/5/20,0,884,35,106,ME
1/6/20,1,814,40,62,ME
1/7/20,1,863,72,79,ME
1/8/20,7,1033,29,159,ME
1/9/20,15,1029,50,133,ME
1/10/20,17,928,37,136,ME
1/11/20,105,853,31,127,ME
1/12/20,14,943,40,119,ME
1/13/20,4,936,40,149,ME
1/14/20,36,751,47,75,ME
1/15/20,3,277,9,37,ME
1/16/20,24,237,13,22,ME
1/17/20,24,277,16,25,ME
1/18/20,82,250,17,33,ME
1/19/20,36,254,7,41,ME
1/20/20,205,251,11,27,ME
1/21/20,683,260,6,42,ME
1/22/20,367,106,4,12,ME
1/23/20,405,87,0,13,ME
1/24/20,701,95,3,10,ME
1/25/20,952,109,1,9,ME
1/26/20,1129,129,6,7,ME
1/27/20,1259,140,2,9,ME
1/28/20,1754,138,7,6,ME
1/29/20,1708,140,12,7,ME
1/30/20,1438,134,13,13,ME
1/31/20,1375,130,13,7,ME
2/1/20,1214,141,6,9,ME
2/2/20,1250,140,8,16,ME
2/3/20,1018,137,5,3,ME
2/4/20,828,124,6,7,ME
2/5/20,911,130,7,18,ME
2/6/20,803,136,12,12,ME
2/7/20,980,120,7,12,ME
2/8/20,909,131,9,14,ME
2/9/20,857,140,6,12,ME
2/10/20,925,134,15,17,ME
2/11/20,1408,138,11,10,ME
2/12/20,1488,194,16,19,ME
2/13/20,1443,207,22,23,ME
2/14/20,1192,200,11,19,ME
2/15/20,995,180,11,19,ME
2/16/20,920,200,9,23,ME
2/17/20,959,198,12,17,ME
2/18/20,873,193,12,23,ME
2/19/20,689,163,8,16,ME
2/20/20,583,170,9,13,ME
2/21/20,601,153,19,15,ME
2/22/20,804,172,10,18,ME
2/23/20,903,200,7,15,ME
2/24/20,686,104,0,6,ME
2/25/20,0,0,0,0,ME
2/26/20,0,0,0,0,ME
3/11/20,0,0,0,0,ME
3/12/20,0,0,0,0,ME
3/13/20,0,0,0,0,ME
3/14/20,0,0,0,0,ME
3/15/20,0,0,0,0,ME
3/16/20,0,0,0,0,ME
3/17/20,744,15,16,27,ME
3/18/20,1846,37,41,61,ME
3/19/20,1621,46,34,49,ME
3/20/20,1482,64,31,47,ME
3/21/20,1487,83,34,48,ME
3/22/20,1506,86,34,45,ME
3/23/20,1435,67,32,32,ME
3/24/20,1342,61,25,25,ME
3/25/20,53,3,1,1,ME
4/1/20,0,0,0,0,ME
4/2/20,165,115,87,0,ME
4/3/20,85,23,0,0,ME
4/4/20,93,23,0,0,ME
4/5/20,86,22,0,0,ME
4/6/20,87,17,0,0,ME
4/7/20,81,5,0,0,ME
4/8/20,1787,204,35,27,ME
4/9/20,1649,189,28,29,ME
4/10/20,1461,145,24,21,ME
4/11/20,1177,167,30,23,ME
4/12/20,1055,137,23,21,ME
4/13/20,1314,121,20,16,ME
1/1/20,4,755,42,97,MI
1/2/20,13,1379,69,126,MI
1/3/20,16,1340,88,141,MI
1/4/20,8,1405,71,146,MI
1/5/20,8,1443,65,172,MI
1/6/20,12,1296,71,135,MI
1/7/20,12,1290,81,152,MI
1/8/20,16,1240,83,155,MI
1/9/20,37,1298,77,128,MI
1/10/20,19,1225,73,133,MI
1/11/20,29,1339,64,161,MI
1/12/20,29,1400,60,160,MI
1/13/20,27,1292,78,135,MI
1/14/20,28,1177,78,121,MI
1/15/20,7,303,14,30,MI
1/16/20,15,226,16,29,MI
1/17/20,30,248,14,24,MI
1/18/20,49,272,9,23,MI
1/19/20,38,273,15,33,MI
1/20/20,149,259,14,26,MI
1/21/20,652,273,13,24,MI
1/22/20,475,140,4,12,MI
1/23/20,483,129,2,12,MI
1/24/20,1159,153,3,8,MI
1/25/20,1762,189,2,14,MI
1/26/20,1648,200,3,15,MI
1/27/20,1657,181,4,5,MI
1/28/20,1620,186,15,9,MI
1/29/20,1638,197,22,9,MI
1/30/20,1573,193,19,8,MI
1/31/20,1624,200,16,10,MI
2/1/20,1228,197,8,19,MI
2/2/20,1111,189,6,14,MI
2/3/20,999,172,6,7,MI
2/4/20,904,163,12,9,MI
2/5/20,1594,281,18,20,MI
2/6/20,1510,255,19,20,MI
2/7/20,1701,274,20,21,MI
2/8/20,1690,296,21,23,MI
2/9/20,1476,300,21,23,MI
2/10/20,1452,254,18,19,MI
2/11/20,1539,257,16,22,MI
2/12/20,1670,296,21,26,MI
2/13/20,1721,333,19,23,MI
2/14/20,1413,303,18,22,MI
2/15/20,1251,318,18,27,MI
2/16/20,1230,326,21,29,MI
2/17/20,1428,314,20,23,MI
2/18/20,1281,287,20,25,MI
2/19/20,791,207,10,18,MI
2/20/20,657,192,10,17,MI
2/21/20,688,188,14,16,MI
2/22/20,837,217,11,19,MI
2/23/20,1052,230,13,19,MI
2/24/20,754,131,7,9,MI
2/25/20,0,0,0,0,MI
2/26/20,0,0,0,0,MI
3/11/20,0,0,0,0,MI
3/12/20,0,0,0,0,MI
3/13/20,0,0,0,0,MI
3/14/20,0,0,0,0,MI
3/15/20,0,0,0,0,MI
3/16/20,0,0,0,0,MI
3/17/20,754,16,16,19,MI
3/18/20,1836,50,44,43,MI
3/19/20,1712,52,41,40,MI
3/20/20,1644,65,34,42,MI
3/21/20,1593,97,36,42,MI
3/22/20,1677,98,37,38,MI
3/23/20,1638,81,25,26,MI
3/24/20,1390,79,24,24,MI
3/25/20,55,3,1,1,MI
4/1/20,0,0,0,0,MI
4/2/20,139,6,41,0,MI
4/3/20,94,19,0,0,MI
4/4/20,99,24,0,0,MI
4/5/20,97,19,0,0,MI
4/6/20,97,12,0,0,MI
4/7/20,93,6,0,0,MI
4/8/20,1847,201,35,28,MI
4/9/20,1799,186,33,24,MI
4/10/20,1651,173,30,24,MI
4/11/20,1265,169,32,24,MI
4/12/20,1097,130,24,23,MI
4/13/20,1381,114,23,22,MI
1/1/20,11,658,56,93,MN
1/2/20,5,1272,60,138,MN
1/3/20,7,1308,60,120,MN
1/4/20,7,1310,62,175,MN
1/5/20,4,1345,52,159,MN
1/6/20,13,1172,83,159,MN
1/7/20,9,1197,83,127,MN
1/8/20,6,1309,70,157,MN
1/9/20,31,1316,79,133,MN
1/10/20,16,1229,69,137,MN
1/11/20,22,1365,54,188,MN
1/12/20,17,1394,67,176,MN
1/13/20,26,1240,66,133,MN
1/14/20,27,1214,80,120,MN
1/15/20,5,239,14,30,MN
1/16/20,15,199,16,24,MN
1/17/20,22,211,10,21,MN
1/18/20,41,241,11,21,MN
1/19/20,36,248,11,22,MN
1/20/20,133,214,12,22,MN
1/21/20,722,226,12,24,MN
1/22/20,382,91,2,1,MN
1/23/20,378,79,0,1,MN
1/24/20,1010,93,1,2,MN
1/25/20,1243,113,0,5,MN
1/26/20,1139,121,0,7,MN
1/27/20,1142,117,0,2,MN
1/28/20,1088,128,0,1,MN
1/29/20,1706,186,22,9,MN
1/30/20,1739,197,14,9,MN
1/31/20,1808,209,8,14,MN
2/1/20,1402,205,9,16,MN
2/2/20,1246,196,8,10,MN
2/3/20,1155,172,5,13,MN
2/4/20,1039,164,6,11,MN
2/5/20,1300,197,17,14,MN
2/6/20,1588,189,19,17,MN
2/7/20,1524,189,11,17,MN
2/8/20,1366,200,9,19,MN
2/9/20,1143,199,7,16,MN
2/10/20,1226,194,9,19,MN
2/11/20,1215,172,14,14,MN
2/12/20,1683,278,23,19,MN
2/13/20,1810,283,19,21,MN
2/14/20,1496,267,12,25,MN
2/15/20,1351,265,10,25,MN
2/16/20,1291,288,18,27,MN
2/17/20,1467,286,19,23,MN
2/18/20,1427,274,16,25,MN
2/19/20,942,215,9,19,MN
2/20/20,783,181,13,14,MN
2/21/20,800,187,11,16,MN
2/22/20,936,199,6,16,MN
2/23/20,1075,219,14,21,MN
2/24/20,769,126,5,10,MN
2/25/20,0,0,0,0,MN
2/26/20,0,0,0,0,MN
3/11/20,0,0,0,0,MN
3/12/20,0,0,0,0,MN
3/13/20,0,0,0,0,MN
3/14/20,0,0,0,0,MN
3/15/20,0,0,0,0,MN
3/16/20,0,0,0,0,MN
3/17/20,726,9,16,19,MN
3/18/20,1802,31,36,51,MN
3/19/20,1534,44,33,46,MN
3/20/20,1437,48,26,44,MN
3/21/20,1410,69,30,49,MN
3/22/20,1449,83,29,40,MN
3/23/20,1430,69,25,26,MN
3/24/20,1306,55,24,25,MN
3/25/20,46,2,1,1,MN
4/1/20,0,0,0,0,MN
4/2/20,228,202,200,100,MN
4/3/20,86,17,0,0,MN
4/4/20,94,25,0,0,MN
4/5/20,89,19,0,0,MN
4/6/20,88,11,0,0,MN
4/7/20,82,2,0,0,MN
4/8/20,1874,199,25,24,MN
4/9/20,1718,187,25,24,MN
4/10/20,1641,180,25,23,MN
4/11/20,1229,178,28,23,MN
4/12/20,1029,137,24,22,MN
4/13/20,1346,121,22,23,MN
1/1/20,8,596,25,81,MO
1/2/20,13,1187,45,96,MO
1/3/20,25,1153,55,113,MO
1/4/20,15,1166,51,132,MO
1/5/20,5,1134,50,141,MO
1/6/20,15,1005,58,115,MO
1/7/20,17,1152,54,128,MO
1/8/20,30,1546,70,154,MO
1/9/20,51,1420,78,175,MO
1/10/20,39,1327,74,143,MO
1/11/20,40,1541,61,184,MO
1/12/20,43,1542,61,164,MO
1/13/20,28,1493,76,165,MO
1/14/20,42,1341,58,158,MO
1/15/20,4,246,6,34,MO
1/16/20,11,177,7,21,MO
1/17/20,23,193,7,21,MO
1/18/20,37,212,6,21,MO
1/19/20,21,212,4,19,MO
1/20/20,103,190,4,17,MO
1/21/20,593,209,10,20,MO
1/22/20,485,114,0,8,MO
1/23/20,473,110,0,11,MO
1/24/20,927,125,0,4,MO
1/25/20,1134,157,3,12,MO
1/26/20,1239,159,0,15,MO
1/27/20,1331,154,0,9,MO
1/28/20,1581,162,10,12,MO
1/29/20,1632,161,12,7,MO
1/30/20,1568,151,14,3,MO
1/31/20,1491,162,8,10,MO
2/1/20,1092,153,3,13,MO
2/2/20,913,145,7,10,MO
2/3/20,758,125,1,10,MO
2/4/20,705,120,4,5,MO
2/5/20,1274,274,13,22,MO
2/6/20,1402,283,16,24,MO
2/7/20,1686,265,19,27,MO
2/8/20,1561,298,14,26,MO
2/9/20,1316,314,18,28,MO
2/10/20,1410,262,19,23,MO
2/11/20,1443,255,16,22,MO
2/12/20,1619,340,18,28,MO
2/13/20,1809,371,21,31,MO
2/14/20,1529,334,17,23,MO
2/15/20,1329,346,18,33,MO
2/16/20,1268,365,21,36,MO
2/17/20,1447,343,22,35,MO
2/18/20,1477,327,20,28,MO
2/19/20,944,238,9,29,MO
2/20/20,888,225,14,18,MO
2/21/20,844,220,19,20,MO
2/22/20,937,260,12,22,MO
2/23/20,1036,263,11,29,MO
2/24/20,716,150,11,8,MO
2/25/20,0,0,0,0,MO
2/26/20,0,0,0,0,MO
3/11/20,0,0,0,0,MO
3/12/20,0,0,0,0,MO
3/13/20,0,0,0,0,MO
3/14/20,0,0,0,0,MO
3/15/20,0,0,0,0,MO
3/16/20,0,0,0,0,MO
3/17/20,703,16,17,27,MO
3/18/20,1954,49,46,68,MO
3/19/20,1763,51,45,59,MO
3/20/20,1681,67,42,65,MO
3/21/20,1736,88,42,65,MO
3/22/20,1707,91,40,66,MO
3/23/20,1619,92,42,50,MO
3/24/20,1488,92,30,36,MO
3/25/20,56,3,1,1,MO
4/1/20,0,0,0,0,MO
4/2/20,223,202,200,200,MO
4/3/20,79,12,0,0,MO
4/4/20,81,23,0,0,MO
4/5/20,78,18,0,0,MO
4/6/20,80,17,0,0,MO
4/7/20,74,4,0,0,MO
4/8/20,1964,220,45,33,MO
4/9/20,1855,215,40,31,MO
4/10/20,1728,211,39,30,MO
4/11/20,1162,192,33,28,MO
4/12/20,950,153,24,24,MO
4/13/20,1410,132,30,23,MO
1/1/20,4,676,32,56,MS
1/2/20,3,1222,56,85,MS
1/3/20,4,1162,88,71,MS
1/4/20,5,1280,42,126,MS
1/5/20,12,1211,37,142,MS
1/6/20,9,1247,63,126,MS
1/7/20,3,1105,94,86,MS
1/8/20,8,1245,66,74,MS
1/9/20,12,1182,69,104,MS
1/10/20,6,1180,57,63,MS
1/11/20,8,1266,51,131,MS
1/12/20,20,1250,55,150,MS
1/13/20,15,1187,73,98,MS
1/14/20,15,1145,71,85,MS
1/15/20,5,245,17,27,MS
1/16/20,11,225,7,19,MS
1/17/20,19,224,10,17,MS
1/18/20,40,238,13,24,MS
1/19/20,29,246,15,27,MS
1/20/20,129,235,9,14,MS
1/21/20,599,252,13,24,MS
1/22/20,673,209,12,15,MS
1/23/20,648,204,11,17,MS
1/24/20,1440,199,10,7,MS
1/25/20,1600,216,6,18,MS
1/26/20,1704,258,15,16,MS
1/27/20,1653,247,12,13,MS
1/28/20,1754,232,20,14,MS
1/29/20,1316,168,22,11,MS
1/30/20,1400,178,17,8,MS
1/31/20,1472,170,10,11,MS
2/1/20,1136,179,11,12,MS
2/2/20,939,175,10,13,MS
2/3/20,769,193,9,7,MS
2/4/20,693,166,9,10,MS
2/5/20,1244,319,19,22,MS
2/6/20,1340,314,17,28,MS
2/7/20,1524,340,15,23,MS
2/8/20,1556,349,18,25,MS
2/9/20,1285,328,19,21,MS
2/10/20,1296,298,20,18,MS
2/11/20,1336,305,20,23,MS
2/12/20,1456,356,20,33,MS
2/13/20,1614,438,22,29,MS
2/14/20,1276,365,18,20,MS
2/15/20,1137,393,19,30,MS
2/16/20,1107,374,12,23,MS
2/17/20,1253,385,21,31,MS
2/18/20,1324,389,21,31,MS
2/19/20,1349,428,32,33,MS
2/20/20,1082,463,21,33,MS
2/21/20,1078,453,23,28,MS
2/22/20,1260,447,23,42,MS
2/23/20,1591,466,29,33,MS
2/24/20,892,279,7,25,MS
2/25/20,0,0,0,0,MS
2/26/20,0,0,0,0,MS
3/11/20,0,0,0,0,MS
3/12/20,0,0,0,0,MS
3/13/20,0,0,0,0,MS
3/14/20,0,0,0,0,MS
3/15/20,0,0,0,0,MS
3/16/20,0,0,0,0,MS
3/17/20,754,18,27,19,MS
3/18/20,1848,47,64,46,MS
3/19/20,1703,54,51,39,MS
3/20/20,1615,67,47,41,MS
3/21/20,1607,102,50,41,MS
3/22/20,1632,100,46,37,MS
3/23/20,1551,92,43,23,MS
3/24/20,1348,80,40,23,MS
3/25/20,48,3,1,1,MS
4/1/20,0,0,0,0,MS
4/2/20,165,100,23,138,MS
4/3/20,72,8,0,0,MS
4/4/20,76,19,0,0,MS
4/5/20,73,11,0,0,MS
4/6/20,74,8,0,0,MS
4/7/20,74,13,0,0,MS
4/8/20,1874,271,70,25,MS
4/9/20,1840,249,62,25,MS
4/10/20,1718,225,50,23,MS
4/11/20,1140,204,47,23,MS
4/12/20,861,143,33,20,MS
4/13/20,1349,130,30,20,MS
1/1/20,2,435,86,71,MT
1/2/20,20,803,20,137,MT
1/3/20,16,867,63,84,MT
1/4/20,2,912,41,121,MT
1/5/20,3,953,23,109,MT
1/6/20,12,932,48,142,MT
1/7/20,10,868,43,87,MT
1/8/20,64,833,70,64,MT
1/9/20,29,907,47,54,MT
1/10/20,45,888,36,145,MT
1/11/20,27,942,45,89,MT
1/12/20,27,832,22,100,MT
1/13/20,35,806,45,154,MT
1/14/20,27,829,36,79,MT
1/15/20,16,200,11,23,MT
1/16/20,8,170,9,13,MT
1/17/20,24,162,2,27,MT
1/18/20,36,184,11,14,MT
1/19/20,23,182,4,21,MT
1/20/20,99,152,3,15,MT
1/21/20,719,144,4,18,MT
1/22/20,538,99,5,7,MT
1/23/20,522,87,2,10,MT
1/24/20,940,101,2,4,MT
1/25/20,1239,123,5,8,MT
1/26/20,1470,123,1,4,MT
1/27/20,1540,134,5,6,MT
1/28/20,1533,131,11,16,MT
1/29/20,1596,126,16,8,MT
1/30/20,1538,135,13,3,MT
1/31/20,1485,123,3,7,MT
2/1/20,1213,129,6,11,MT
2/2/20,1041,130,3,7,MT
2/3/20,908,141,5,5,MT
2/4/20,829,120,10,7,MT
2/5/20,861,116,7,7,MT
2/6/20,827,117,9,10,MT
2/7/20,845,100,2,3,MT
2/8/20,835,105,5,9,MT
2/9/20,669,99,5,13,MT
2/10/20,877,104,5,7,MT
2/11/20,1707,107,5,9,MT
2/12/20,1337,133,8,8,MT
2/13/20,1290,147,7,11,MT
2/14/20,965,117,7,9,MT
2/15/20,760,110,2,9,MT
2/16/20,726,105,9,12,MT
2/17/20,874,109,5,14,MT
2/18/20,782,113,6,10,MT
2/19/20,799,147,9,17,MT
2/20/20,737,111,16,10,MT
2/21/20,689,142,17,13,MT
2/22/20,851,146,7,8,MT
2/23/20,910,181,6,13,MT
2/24/20,607,75,2,3,MT
2/25/20,0,0,0,0,MT
2/26/20,0,0,0,0,MT
3/11/20,0,0,0,0,MT
3/12/20,0,0,0,0,MT
3/13/20,0,0,0,0,MT
3/14/20,0,0,0,0,MT
3/15/20,0,0,0,0,MT
3/16/20,0,0,0,0,MT
3/17/20,745,15,20,28,MT
3/18/20,1684,30,31,63,MT
3/19/20,1508,34,26,45,MT
3/20/20,1496,47,26,46,MT
3/21/20,1576,74,30,47,MT
3/22/20,1589,68,31,36,MT
3/23/20,1460,64,25,29,MT
3/24/20,1373,60,22,31,MT
3/25/20,54,2,1,1,MT
4/1/20,0,0,0,0,MT
4/2/20,157,9,0,6,MT
4/3/20,129,22,0,0,MT
4/4/20,135,25,0,0,MT
4/5/20,133,21,0,0,MT
4/6/20,129,19,0,0,MT
4/7/20,122,16,0,0,MT
4/8/20,1563,162,24,17,MT
4/9/20,1478,141,21,19,MT
4/10/20,1377,117,21,12,MT
4/11/20,1058,118,21,15,MT
4/12/20,894,101,15,7,MT
4/13/20,1214,93,12,7,MT
1/1/20,5,788,51,96,NC
1/2/20,11,1350,89,138,NC
1/3/20,17,1402,78,149,NC
1/4/20,10,1435,84,144,NC
1/5/20,13,1501,82,161,NC
1/6/20,14,1343,66,132,NC
1/7/20,14,1356,83,119,NC
1/8/20,22,1539,88,169,NC
1/9/20,36,1423,89,128,NC
1/10/20,30,1389,77,136,NC
1/11/20,33,1457,76,167,NC
1/12/20,42,1505,65,151,NC
1/13/20,33,1429,75,141,NC
1/14/20,33,1378,77,128,NC
1/15/20,4,264,18,26,NC
1/16/20,12,204,13,24,NC
1/17/20,25,210,12,23,NC
1/18/20,44,241,12,26,NC
1/19/20,30,235,15,24,NC
1/20/20,125,244,10,26,NC
1/21/20,686,245,18,27,NC
1/22/20,458,119,2,6,NC
1/23/20,427,108,0,0,NC
1/24/20,985,118,0,4,NC
1/25/20,1366,146,0,7,NC
1/26/20,1169,152,2,6,NC
1/27/20,1136,135,0,1,NC
1/28/20,1153,140,11,1,NC
1/29/20,1481,184,17,12,NC
1/30/20,1561,201,14,9,NC
1/31/20,1588,200,17,7,NC
2/1/20,1214,196,9,16,NC
2/2/20,1161,200,6,15,NC
2/3/20,996,175,7,6,NC
2/4/20,858,160,9,2,NC
2/5/20,1333,264,20,22,NC
2/6/20,1317,257,18,17,NC
2/7/20,1420,251,12,18,NC
2/8/20,1719,292,16,20,NC
2/9/20,1463,282,18,20,NC
2/10/20,1446,256,18,21,NC
2/11/20,1413,237,17,17,NC
2/12/20,1461,267,19,24,NC
2/13/20,1616,306,21,21,NC
2/14/20,1265,274,16,22,NC
2/15/20,1286,275,20,22,NC
2/16/20,1135,281,14,20,NC
2/17/20,1168,270,14,25,NC
2/18/20,1069,252,16,22,NC
2/19/20,902,236,11,23,NC
2/20/20,707,213,10,21,NC
2/21/20,715,234,12,23,NC
2/22/20,892,277,15,21,NC
2/23/20,1111,279,15,21,NC
2/24/20,740,164,10,11,NC
2/25/20,0,0,0,0,NC
2/26/20,0,0,0,0,NC
3/11/20,0,0,0,0,NC
3/12/20,0,0,0,0,NC
3/13/20,0,0,0,0,NC
3/14/20,0,0,0,0,NC
3/15/20,0,0,0,0,NC
3/16/20,0,0,0,0,NC
3/17/20,752,16,18,24,NC
3/18/20,1871,47,45,51,NC
3/19/20,1688,48,42,44,NC
3/20/20,1640,55,36,46,NC
3/21/20,1612,69,38,48,NC
3/22/20,1664,71,37,46,NC
3/23/20,1599,74,33,37,NC
3/24/20,1440,70,26,33,NC
3/25/20,59,3,1,1,NC
1/22/20,466,87,4,13,ND
1/23/20,520,108,8,7,ND
1/24/20,1161,139,7,15,ND
1/25/20,1515,118,2,12,ND
1/26/20,1514,140,4,10,ND
1/27/20,1557,124,6,16,ND
1/28/20,1728,172,14,5,ND
1/29/20,1614,122,11,5,ND
1/30/20,1303,134,13,11,ND
1/31/20,1332,127,12,5,ND
2/1/20,1048,130,9,10,ND
2/2/20,908,103,7,6,ND
2/3/20,814,112,7,6,ND
2/4/20,752,100,11,7,ND
2/5/20,1174,138,11,8,ND
2/6/20,1288,173,16,12,ND
2/7/20,1341,170,13,15,ND
2/8/20,1200,192,20,18,ND
2/9/20,1071,185,9,18,ND
2/10/20,1159,162,9,7,ND
2/11/20,1297,152,13,14,ND
2/12/20,1455,163,4,17,ND
2/13/20,1492,169,6,26,ND
2/14/20,1080,137,8,13,ND
2/15/20,931,158,7,21,ND
2/16/20,867,181,13,22,ND
2/17/20,960,190,12,21,ND
2/18/20,1059,152,10,22,ND
2/19/20,984,190,17,10,ND
2/20/20,762,155,7,19,ND
2/21/20,799,150,6,9,ND
2/22/20,788,161,10,17,ND
2/23/20,843,164,10,13,ND
2/24/20,545,108,6,6,ND
2/25/20,0,0,0,0,ND
2/26/20,0,0,0,0,ND
3/11/20,0,0,0,0,ND
3/12/20,0,0,0,0,ND
3/13/20,0,0,0,0,ND
3/14/20,0,0,0,0,ND
3/15/20,0,0,0,0,ND
3/16/20,0,0,0,0,ND
3/17/20,624,9,16,12,ND
3/18/20,1908,34,46,44,ND
3/19/20,1779,35,37,39,ND
3/20/20,1718,41,34,29,ND
3/21/20,1665,58,34,35,ND
3/22/20,1620,53,27,35,ND
3/23/20,1515,54,29,22,ND
3/24/20,1359,48,23,24,ND
3/25/20,50,2,2,1,ND
4/1/20,0,0,0,0,ND
4/2/20,186,10,0,0,ND
4/3/20,148,26,0,0,ND
4/4/20,156,27,0,0,ND
4/5/20,155,23,0,0,ND
4/6/20,153,21,0,0,ND
4/7/20,148,23,0,0,ND
4/8/20,1801,234,53,22,ND
4/9/20,1703,199,45,22,ND
4/10/20,1636,179,41,22,ND
4/11/20,1222,178,40,20,ND
4/12/20,1039,121,24,14,ND
4/13/20,1384,124,26,14,ND
1/1/20,15,458,29,60,NE
1/2/20,14,856,29,93,NE
1/3/20,15,879,65,105,NE
1/4/20,11,1049,54,98,NE
1/5/20,8,866,50,99,NE
1/6/20,10,832,61,91,NE
1/7/20,12,951,53,79,NE
1/8/20,27,1215,58,116,NE
1/9/20,87,1140,65,127,NE
1/10/20,86,1189,53,145,NE
1/11/20,50,1163,73,136,NE
1/12/20,42,1062,42,150,NE
1/13/20,40,1046,52,140,NE
1/14/20,74,1154,71,115,NE
1/15/20,27,253,15,24,NE
1/16/20,31,213,16,27,NE
1/17/20,32,199,11,16,NE
1/18/20,44,243,12,32,NE
1/19/20,37,251,12,29,NE
1/20/20,171,236,16,29,NE
1/21/20,790,232,16,25,NE
1/22/20,589,127,5,18,NE
1/23/20,515,120,2,11,NE
1/24/20,1094,118,4,9,NE
1/25/20,1396,151,7,17,NE
1/26/20,1558,173,5,17,NE
1/27/20,1701,161,7,9,NE
1/28/20,1624,170,11,14,NE
1/29/20,1676,168,19,11,NE
1/30/20,1573,166,12,14,NE
1/31/20,1563,173,14,13,NE
2/1/20,1216,166,7,9,NE
2/2/20,1021,151,10,12,NE
2/3/20,889,139,6,7,NE
2/4/20,887,139,11,7,NE
2/5/20,1601,181,13,14,NE
2/6/20,1604,184,10,14,NE
2/7/20,1666,178,12,17,NE
2/8/20,1632,188,3,11,NE
2/9/20,1223,193,3,16,NE
2/10/20,1148,159,8,10,NE
2/11/20,1203,155,10,15,NE
2/12/20,1442,259,13,22,NE
2/13/20,1561,297,21,29,NE
2/14/20,1473,264,14,19,NE
2/15/20,1311,264,13,21,NE
2/16/20,1222,264,18,24,NE
2/17/20,1369,245,10,23,NE
2/18/20,1517,240,13,25,NE
2/19/20,1132,251,9,16,NE
2/20/20,893,216,14,25,NE
2/21/20,1274,227,13,24,NE
2/22/20,1163,231,10,20,NE
2/23/20,1171,261,19,19,NE
2/24/20,775,159,9,15,NE
2/25/20,0,0,0,0,NE
2/26/20,0,0,0,0,NE
3/11/20,0,0,0,0,NE
3/12/20,0,0,0,0,NE
3/13/20,0,0,0,0,NE
3/14/20,0,0,0,0,NE
3/15/20,0,0,0,0,NE
3/16/20,0,0,0,0,NE
3/17/20,762,16,25,23,NE
3/18/20,1890,46,54,54,NE
3/19/20,1649,51,47,49,NE
3/20/20,1526,59,42,45,NE
3/21/20,1517,87,45,53,NE
3/22/20,1542,86,45,57,NE
3/23/20,1476,78,44,44,NE
3/24/20,1378,69,39,35,NE
3/25/20,52,2,1,1,NE
4/1/20,0,0,0,0,NE
4/2/20,180,16,6,0,NE
4/3/20,73,8,0,0,NE
4/4/20,76,23,0,0,NE
4/5/20,75,18,0,0,NE
4/6/20,79,11,0,0,NE
4/7/20,72,6,0,0,NE
4/8/20,1749,224,38,23,NE
4/9/20,1647,215,38,25,NE
4/10/20,1561,200,34,25,NE
4/11/20,1104,190,31,22,NE
4/12/20,914,140,24,21,NE
4/13/20,1322,128,23,16,NE
1/1/20,2,505,22,72,NH
1/2/20,0,960,29,75,NH
1/3/20,3,1020,61,74,NH
1/4/20,8,930,47,144,NH
1/5/20,14,947,35,125,NH
1/6/20,3,958,31,145,NH
1/7/20,7,936,47,88,NH
1/8/20,8,1164,107,154,NH
1/9/20,36,1275,75,127,NH
1/10/20,22,1219,123,163,NH
1/11/20,26,1024,55,143,NH
1/12/20,22,1256,25,177,NH
1/13/20,30,1084,36,150,NH
1/14/20,31,1071,111,120,NH
1/15/20,3,299,10,25,NH
1/16/20,20,229,14,18,NH
1/17/20,23,253,9,36,NH
1/18/20,55,215,7,27,NH
1/19/20,45,260,19,34,NH
1/20/20,159,231,9,22,NH
1/21/20,761,285,15,18,NH
1/22/20,247,68,2,4,NH
1/23/20,241,45,1,4,NH
1/24/20,397,56,1,1,NH
1/25/20,510,61,2,2,NH
1/26/20,591,74,2,2,NH
1/27/20,824,68,1,1,NH
1/28/20,1524,84,7,1,NH
1/29/20,1657,140,12,8,NH
1/30/20,1345,127,7,7,NH
1/31/20,1080,131,8,7,NH
2/1/20,1018,116,3,6,NH
2/2/20,1032,129,5,7,NH
2/3/20,792,116,3,2,NH
2/4/20,648,100,13,5,NH
2/5/20,1435,246,15,16,NH
2/6/20,1397,237,16,19,NH
2/7/20,1675,227,19,16,NH
2/8/20,1498,225,16,24,NH
2/9/20,1396,247,19,34,NH
2/10/20,1414,242,12,16,NH
2/11/20,1341,219,19,25,NH
2/12/20,1185,222,14,21,NH
2/13/20,1462,250,20,24,NH
2/14/20,1210,236,11,14,NH
2/15/20,1125,283,14,17,NH
2/16/20,1169,266,17,18,NH
2/17/20,1214,237,16,19,NH
2/18/20,1086,243,12,27,NH
2/19/20,696,176,11,19,NH
2/20/20,677,182,11,8,NH
2/21/20,667,162,7,17,NH
2/22/20,834,184,9,13,NH
2/23/20,944,198,9,19,NH
2/24/20,717,133,2,15,NH
2/25/20,0,0,0,0,NH
2/26/20,0,0,0,0,NH
3/11/20,0,0,0,0,NH
3/12/20,0,0,0,0,NH
3/13/20,0,0,0,0,NH
3/14/20,0,0,0,0,NH
3/15/20,0,0,0,0,NH
3/16/20,0,0,0,0,NH
3/17/20,728,16,20,38,NH
3/18/20,1803,47,50,78,NH
3/19/20,1605,55,44,62,NH
3/20/20,1525,73,41,55,NH
3/21/20,1535,100,45,62,NH
3/22/20,1536,103,44,70,NH
3/23/20,1454,86,37,47,NH
3/24/20,1282,73,24,35,NH
3/25/20,54,4,1,2,NH
4/1/20,0,0,0,0,NH
4/2/20,223,131,12,52,NH
4/3/20,79,23,0,0,NH
4/4/20,82,27,0,0,NH
4/5/20,83,22,0,0,NH
4/6/20,82,21,0,0,NH
4/7/20,79,13,0,0,NH
4/8/20,1664,248,39,30,NH
4/9/20,1540,224,37,24,NH
4/10/20,1447,205,28,27,NH
4/11/20,1104,216,37,24,NH
4/12/20,942,157,25,23,NH
4/13/20,1248,132,25,20,NH
1/1/20,10,823,32,81,NJ
1/2/20,19,1396,63,127,NJ
1/3/20,13,1360,60,119,NJ
1/4/20,26,1498,66,144,NJ
1/5/20,10,1605,63,153,NJ
1/6/20,21,1399,62,134,NJ
1/7/20,19,1359,77,138,NJ
1/8/20,20,1510,69,131,NJ
1/9/20,41,1369,59,129,NJ
1/10/20,23,1301,65,133,NJ
1/11/20,29,1483,70,143,NJ
1/12/20,43,1566,54,164,NJ
1/13/20,36,1509,61,142,NJ
1/14/20,39,1332,65,105,NJ
1/15/20,2,309,16,23,NJ
1/16/20,21,228,9,26,NJ
1/17/20,33,249,13,21,NJ
1/18/20,62,281,11,28,NJ
1/19/20,34,272,9,23,NJ
1/20/20,159,269,9,23,NJ
1/21/20,713,291,15,24,NJ
1/22/20,509,151,4,5,NJ
1/23/20,534,152,3,1,NJ
1/24/20,1229,166,2,4,NJ
1/25/20,1297,209,5,11,NJ
1/26/20,1402,233,2,11,NJ
1/27/20,1571,228,5,2,NJ
1/28/20,1838,260,18,4,NJ
1/29/20,1661,232,21,2,NJ
1/30/20,1624,256,20,5,NJ
1/31/20,1690,265,21,2,NJ
2/1/20,1391,253,10,7,NJ
2/2/20,1453,241,12,10,NJ
2/3/20,1257,196,10,0,NJ
2/4/20,1102,184,17,1,NJ
2/5/20,1118,206,17,5,NJ
2/6/20,1075,198,19,5,NJ
2/7/20,1466,209,15,8,NJ
2/8/20,1355,219,14,15,NJ
2/9/20,1071,211,12,14,NJ
2/10/20,1026,174,11,8,NJ
2/11/20,992,168,6,7,NJ
2/12/20,1574,314,22,23,NJ
2/13/20,1731,323,23,19,NJ
2/14/20,1415,302,23,21,NJ
2/15/20,1269,316,21,24,NJ
2/16/20,1266,325,21,23,NJ
2/17/20,1314,308,21,25,NJ
2/18/20,1284,282,21,24,NJ
2/19/20,872,212,13,19,NJ
2/20/20,711,204,13,16,NJ
2/21/20,780,198,15,11,NJ
2/22/20,984,240,19,24,NJ
2/23/20,1176,254,17,19,NJ
2/24/20,804,144,5,7,NJ
2/25/20,0,0,0,0,NJ
2/26/20,0,0,0,0,NJ
3/11/20,0,0,0,0,NJ
3/12/20,0,0,0,0,NJ
3/13/20,0,0,0,0,NJ
3/14/20,0,0,0,0,NJ
3/15/20,0,0,0,0,NJ
3/16/20,0,0,0,0,NJ
3/17/20,727,19,17,16,NJ
3/18/20,1912,58,47,41,NJ
3/19/20,1784,64,41,38,NJ
3/20/20,1778,78,33,38,NJ
3/21/20,1840,96,42,43,NJ
3/22/20,1721,102,38,43,NJ
3/23/20,1526,90,25,27,NJ
3/24/20,1405,79,24,24,NJ
3/25/20,60,4,1,1,NJ
4/1/20,0,0,0,0,NJ
4/2/20,130,103,100,100,NJ
4/3/20,93,20,0,0,NJ
4/4/20,98,24,0,0,NJ
4/5/20,95,16,0,0,NJ
4/6/20,95,3,0,0,NJ
4/7/20,90,1,0,0,NJ
4/8/20,1896,205,25,25,NJ
4/9/20,1839,266,25,24,NJ
4/10/20,1761,251,26,24,NJ
4/11/20,1312,254,28,25,NJ
4/12/20,1110,192,24,23,NJ
4/13/20,1451,158,23,22,NJ
1/1/20,3,441,25,39,NM
1/2/20,3,927,32,66,NM
1/3/20,3,843,23,98,NM
1/4/20,5,1046,27,83,NM
1/5/20,3,917,38,162,NM
1/6/20,5,952,25,86,NM
1/7/20,3,1071,34,95,NM
1/8/20,5,637,13,92,NM
1/9/20,12,623,17,57,NM
1/10/20,6,569,30,45,NM
1/11/20,14,708,33,50,NM
1/12/20,17,709,26,60,NM
1/13/20,15,624,32,241,NM
1/14/20,14,553,28,34,NM
1/15/20,7,213,10,19,NM
1/16/20,13,188,5,12,NM
1/17/20,20,185,4,23,NM
1/18/20,37,179,5,19,NM
1/19/20,36,199,8,22,NM
1/20/20,131,226,1,30,NM
1/21/20,659,204,8,18,NM
1/22/20,538,116,6,8,NM
1/23/20,579,111,3,10,NM
1/24/20,1054,116,9,8,NM
1/25/20,1368,138,4,5,NM
1/26/20,1583,149,1,7,NM
1/27/20,1692,150,3,9,NM
1/28/20,1595,151,12,8,NM
1/29/20,1854,178,13,9,NM
1/30/20,1716,169,13,12,NM
1/31/20,1689,185,4,8,NM
2/1/20,1283,169,3,8,NM
2/2/20,1169,173,12,18,NM
2/3/20,1028,164,3,1,NM
2/4/20,889,137,4,7,NM
2/5/20,1245,201,12,6,NM
2/6/20,1330,210,15,14,NM
2/7/20,1557,208,13,15,NM
2/8/20,1517,227,15,20,NM
2/9/20,1297,225,6,17,NM
2/10/20,1238,182,8,16,NM
2/11/20,1088,186,7,41,NM
2/12/20,1369,249,12,21,NM
2/13/20,1560,266,12,16,NM
2/14/20,1322,232,9,11,NM
2/15/20,1157,276,11,12,NM
2/16/20,1112,259,15,63,NM
2/17/20,1234,260,21,25,NM
2/18/20,1245,239,12,21,NM
2/19/20,1164,266,12,25,NM
2/20/20,1049,265,20,14,NM
2/21/20,1088,268,11,16,NM
2/22/20,1266,305,19,23,NM
2/23/20,1469,293,8,38,NM
2/24/20,826,190,17,11,NM
2/25/20,0,0,0,0,NM
2/26/20,0,0,0,0,NM
3/11/20,0,0,0,0,NM
3/12/20,0,0,0,0,NM
3/13/20,0,0,0,0,NM
3/14/20,0,0,0,0,NM
3/15/20,0,0,0,0,NM
3/16/20,0,0,0,0,NM
3/17/20,740,16,19,31,NM
3/18/20,1868,42,44,69,NM
3/19/20,1660,47,40,64,NM
3/20/20,1636,59,34,65,NM
3/21/20,1651,74,38,70,NM
3/22/20,1643,74,35,60,NM
3/23/20,1696,65,27,41,NM
3/24/20,1458,70,26,39,NM
3/25/20,59,3,1,2,NM
4/1/20,0,0,0,0,NM
4/2/20,155,50,0,0,NM
4/3/20,88,22,0,0,NM
4/4/20,95,24,0,0,NM
4/5/20,90,18,0,0,NM
4/6/20,89,17,0,0,NM
4/7/20,90,10,0,0,NM
4/8/20,1822,221,40,29,NM
4/9/20,1767,201,34,25,NM
4/10/20,1682,192,28,22,NM
4/11/20,1303,180,33,21,NM
4/12/20,1111,149,22,22,NM
4/13/20,1412,121,22,21,NM
1/1/20,6,650,28,74,NV
1/2/20,0,1402,49,131,NV
1/3/20,5,1389,83,118,NV
1/4/20,4,1332,72,109,NV
1/5/20,4,1453,53,255,NV
1/6/20,3,1421,46,119,NV
1/7/20,2,1301,74,139,NV
1/8/20,8,1265,92,85,NV
1/9/20,35,1183,74,111,NV
1/10/20,17,1237,68,95,NV
1/11/20,33,1339,53,103,NV
1/12/20,17,1591,59,159,NV
1/13/20,22,1524,59,163,NV
1/14/20,32,1436,56,106,NV
1/15/20,0,324,11,25,NV
1/16/20,20,255,8,19,NV
1/17/20,27,244,11,20,NV
1/18/20,62,266,10,18,NV
1/19/20,57,256,11,33,NV
1/20/20,170,264,9,18,NV
1/21/20,798,285,10,17,NV
1/22/20,466,112,1,4,NV
1/23/20,499,108,1,1,NV
1/24/20,941,121,0,1,NV
1/25/20,1247,143,4,3,NV
1/26/20,1638,197,3,2,NV
1/27/20,1674,204,5,6,NV
1/28/20,1674,212,9,3,NV
1/29/20,1741,170,6,0,NV
1/30/20,1685,184,7,1,NV
1/31/20,1360,183,4,0,NV
2/1/20,982,149,2,0,NV
2/2/20,809,125,3,4,NV
2/3/20,666,117,1,0,NV
2/4/20,605,114,2,0,NV
2/5/20,1513,265,15,13,NV
2/6/20,1538,270,21,11,NV
2/7/20,1611,261,14,13,NV
2/8/20,1600,267,13,18,NV
2/9/20,1356,248,18,13,NV
2/10/20,1378,234,14,16,NV
2/11/20,1389,230,15,25,NV
2/12/20,1447,280,14,13,NV
2/13/20,1542,297,17,10,NV
2/14/20,1252,243,14,14,NV
2/15/20,1163,256,9,12,NV
2/16/20,1138,259,10,37,NV
2/17/20,1193,269,14,11,NV
2/18/20,1127,242,12,19,NV
2/19/20,1288,323,19,23,NV
2/20/20,1131,301,21,20,NV
2/21/20,1178,289,18,22,NV
2/22/20,1400,338,22,16,NV
2/23/20,1519,352,21,28,NV
2/24/20,948,237,12,7,NV
2/25/20,0,0,0,0,NV
2/26/20,0,0,0,0,NV
3/11/20,0,0,0,0,NV
3/12/20,0,0,0,0,NV
3/13/20,0,0,0,0,NV
3/14/20,0,0,0,0,NV
3/15/20,0,0,0,0,NV
3/16/20,0,0,0,0,NV
3/17/20,706,21,22,37,NV
3/18/20,1995,56,42,78,NV
3/19/20,1662,71,40,70,NV
3/20/20,1652,79,37,68,NV
3/21/20,1588,98,36,69,NV
3/22/20,1577,93,38,65,NV
3/23/20,1493,81,29,45,NV
3/24/20,1359,83,26,35,NV
3/25/20,51,3,1,2,NV
4/1/20,0,0,0,0,NV
4/2/20,274,108,78,46,NV
4/3/20,81,19,0,0,NV
4/4/20,85,24,0,0,NV
4/5/20,81,19,0,0,NV
4/6/20,88,17,0,0,NV
4/7/20,76,11,0,0,NV
4/8/20,1780,241,40,38,NV
4/9/20,1709,222,40,30,NV
4/10/20,1599,207,43,27,NV
4/11/20,1214,197,31,28,NV
4/12/20,1046,155,24,23,NV
4/13/20,1354,134,28,21,NV
1/1/20,10,820,30,83,NY
1/2/20,9,1545,70,144,NY
1/3/20,12,1613,75,160,NY
1/4/20,14,1593,88,173,NY
1/5/20,8,1609,75,160,NY
1/6/20,15,1505,71,124,NY
1/7/20,16,1368,78,159,NY
1/8/20,12,1462,72,137,NY
1/9/20,42,1457,60,124,NY
1/10/20,18,1669,99,177,NY
1/11/20,33,1671,90,160,NY
1/12/20,33,1641,62,157,NY
1/13/20,30,1569,72,144,NY
1/14/20,25,1458,74,175,NY
1/15/20,1,282,19,29,NY
1/16/20,11,228,15,28,NY
1/17/20,26,206,9,25,NY
1/18/20,50,243,12,26,NY
1/19/20,27,240,9,24,NY
1/20/20,113,234,7,29,NY
1/21/20,654,254,10,24,NY
1/22/20,514,168,0,2,NY
1/23/20,547,160,0,2,NY
1/24/20,925,173,2,13,NY
1/25/20,1386,222,0,5,NY
1/26/20,1481,265,3,6,NY
1/27/20,1632,265,5,1,NY
1/28/20,1951,324,20,4,NY
1/29/20,1653,267,24,0,NY
1/30/20,1583,255,22,1,NY
1/31/20,1573,255,16,4,NY
2/1/20,1202,226,11,7,NY
2/2/20,1394,227,13,4,NY
2/3/20,1287,212,8,1,NY
2/4/20,1109,188,10,0,NY
2/5/20,1612,282,22,14,NY
2/6/20,1505,267,20,19,NY
2/7/20,1620,300,20,23,NY
2/8/20,1179,302,24,23,NY
2/9/20,1241,273,19,18,NY
2/10/20,1248,232,20,16,NY
2/11/20,1224,255,22,15,NY
2/12/20,1491,325,25,29,NY
2/13/20,1588,347,22,23,NY
2/14/20,1272,375,22,26,NY
2/15/20,904,379,25,31,NY
2/16/20,1105,327,21,25,NY
2/17/20,1095,311,21,28,NY
2/18/20,1176,307,22,23,NY
2/19/20,813,225,16,23,NY
2/20/20,649,209,10,16,NY
2/21/20,686,229,12,22,NY
2/22/20,805,270,20,24,NY
2/23/20,1165,261,15,22,NY
2/24/20,800,151,10,8,NY
2/25/20,0,0,0,0,NY
2/26/20,0,0,0,0,NY
3/11/20,0,0,0,0,NY
3/12/20,0,0,0,0,NY
3/13/20,0,0,0,0,NY
3/14/20,0,0,0,0,NY
3/15/20,0,0,0,0,NY
3/16/20,0,0,0,0,NY
3/17/20,714,24,17,17,NY
3/18/20,1981,74,47,44,NY
3/19/20,1761,79,44,36,NY
3/20/20,1865,98,43,37,NY
3/21/20,1510,113,37,36,NY
3/22/20,1858,123,43,40,NY
3/23/20,1641,107,28,25,NY
3/24/20,1517,100,24,24,NY
3/25/20,64,4,1,1,NY
4/1/20,0,0,0,0,NY
4/2/20,226,169,165,100,NY
4/3/20,79,19,0,0,NY
4/4/20,75,19,0,0,NY
4/5/20,90,15,0,0,NY
4/6/20,85,0,0,0,NY
4/7/20,75,0,0,0,NY
4/8/20,3,0,0,0,NY
1/1/20,6,768,47,108,OH
1/2/20,16,1356,73,147,OH
1/3/20,12,1400,83,143,OH
1/4/20,8,1454,77,161,OH
1/5/20,12,1433,78,182,OH
1/6/20,11,1307,85,141,OH
1/7/20,14,1270,81,150,OH
1/8/20,14,1283,65,143,OH
1/9/20,34,1275,80,140,OH
1/10/20,17,1256,74,137,OH
1/11/20,34,1334,73,144,OH
1/12/20,30,1349,69,176,OH
1/13/20,25,1288,69,152,OH
1/14/20,27,1207,74,139,OH
1/15/20,3,247,10,31,OH
1/16/20,12,185,14,23,OH
1/17/20,19,198,12,21,OH
1/18/20,41,202,9,23,OH
1/19/20,30,216,7,25,OH
1/20/20,123,209,6,21,OH
1/21/20,585,223,17,24,OH
1/22/20,339,93,0,2,OH
1/23/20,331,85,0,0,OH
1/24/20,686,84,0,1,OH
1/25/20,820,104,0,3,OH
1/26/20,901,115,0,5,OH
1/27/20,949,107,0,3,OH
1/28/20,1414,125,10,0,OH
1/29/20,1773,140,18,1,OH
1/30/20,1380,135,18,3,OH
1/31/20,1441,140,9,1,OH
2/1/20,990,128,3,3,OH
2/2/20,879,127,1,7,OH
2/3/20,732,121,1,0,OH
2/4/20,588,109,3,4,OH
2/5/20,1514,295,22,21,OH
2/6/20,1620,296,22,26,OH
2/7/20,1735,291,20,23,OH
2/8/20,1653,315,22,23,OH
2/9/20,1441,320,21,29,OH
2/10/20,1483,294,21,25,OH
2/11/20,1489,271,19,33,OH
2/12/20,1716,363,23,30,OH
2/13/20,1762,398,21,28,OH
2/14/20,1533,360,20,32,OH
2/15/20,1343,373,22,34,OH
2/16/20,1315,371,25,46,OH
2/17/20,1473,365,25,33,OH
2/18/20,1418,346,22,38,OH
2/19/20,901,252,19,26,OH
2/20/20,777,246,18,24,OH
2/21/20,775,235,17,23,OH
2/22/20,879,268,15,24,OH
2/23/20,1046,272,15,25,OH
2/24/20,735,154,9,14,OH
2/25/20,0,0,0,0,OH
2/26/20,0,0,0,0,OH
3/11/20,0,0,0,0,OH
3/12/20,0,0,0,0,OH
3/13/20,0,0,0,0,OH
3/14/20,0,0,0,0,OH
3/15/20,0,0,0,0,OH
3/16/20,0,0,0,0,OH
3/17/20,744,16,16,19,OH
3/18/20,1428,29,28,34,OH
3/19/20,1266,37,24,25,OH
3/20/20,1175,44,24,24,OH
3/21/20,1134,62,24,25,OH
3/22/20,1270,60,25,24,OH
3/23/20,1097,55,24,24,OH
3/24/20,998,49,23,21,OH
3/25/20,40,2,1,1,OH
4/1/20,0,0,0,0,OH
4/2/20,132,105,1,0,OH
4/3/20,88,8,0,0,OH
4/4/20,90,22,0,0,OH
4/5/20,88,18,0,0,OH
4/6/20,93,10,0,0,OH
4/7/20,84,2,0,0,OH
4/8/20,1845,184,34,24,OH
4/9/20,1702,173,29,24,OH
4/10/20,1600,168,33,23,OH
4/11/20,1163,158,31,21,OH
4/12/20,995,126,24,16,OH
4/13/20,1371,124,23,16,OH
1/1/20,29,635,41,71,OK
1/2/20,19,1262,63,107,OK
1/3/20,13,1198,88,107,OK
1/4/20,16,1232,63,128,OK
1/5/20,15,1290,51,109,OK
1/6/20,20,1177,56,113,OK
1/7/20,19,1093,57,114,OK
1/8/20,19,1183,61,126,OK
1/9/20,48,1135,53,79,OK
1/10/20,27,1127,64,102,OK
1/11/20,59,1180,41,94,OK
1/12/20,25,1350,64,144,OK
1/13/20,24,1102,59,82,OK
1/14/20,25,1068,52,107,OK
1/15/20,4,216,10,27,OK
1/16/20,10,166,5,16,OK
1/17/20,23,176,5,18,OK
1/18/20,25,190,5,22,OK
1/19/20,21,196,2,20,OK
1/20/20,112,175,8,18,OK
1/21/20,617,177,8,21,OK
1/22/20,292,62,1,1,OK
1/23/20,278,61,0,1,OK
1/24/20,598,64,0,0,OK
1/25/20,702,78,0,2,OK
1/26/20,773,88,0,3,OK
1/27/20,881,77,0,0,OK
1/28/20,1419,89,2,1,OK
1/29/20,1652,139,12,7,OK
1/30/20,1554,154,11,7,OK
1/31/20,1527,161,7,7,OK
2/1/20,1007,152,2,12,OK
2/2/20,861,135,6,7,OK
2/3/20,782,129,0,5,OK
2/4/20,665,119,2,8,OK
2/5/20,1237,269,14,24,OK
2/6/20,1325,292,15,16,OK
2/7/20,1668,280,14,22,OK
2/8/20,1518,309,16,26,OK
2/9/20,1363,314,18,27,OK
2/10/20,1428,292,18,21,OK
2/11/20,1558,267,18,22,OK
2/12/20,1552,275,16,22,OK
2/13/20,1625,336,17,24,OK
2/14/20,1376,288,13,18,OK
2/15/20,1172,312,21,28,OK
2/16/20,1121,276,11,26,OK
2/17/20,1273,319,17,22,OK
2/18/20,1194,272,20,30,OK
2/19/20,1123,286,13,23,OK
2/20/20,889,286,13,30,OK
2/21/20,920,286,16,27,OK
2/22/20,1075,305,12,22,OK
2/23/20,1250,335,14,29,OK
2/24/20,778,164,5,15,OK
2/25/20,0,0,0,0,OK
2/26/20,0,0,0,0,OK
3/11/20,0,0,0,0,OK
3/12/20,0,0,0,0,OK
3/13/20,0,0,0,0,OK
3/14/20,0,0,0,0,OK
3/15/20,0,0,0,0,OK
3/16/20,0,0,0,0,OK
3/17/20,768,17,24,26,OK
3/18/20,1871,48,45,57,OK
3/19/20,1671,59,42,45,OK
3/20/20,1670,83,49,45,OK
3/21/20,1601,114,48,45,OK
3/22/20,1610,107,46,45,OK
3/23/20,1591,101,41,30,OK
3/24/20,1543,87,33,25,OK
3/25/20,61,4,2,1,OK
4/1/20,0,0,0,0,OK
4/2/20,223,102,200,13,OK
4/3/20,73,18,0,0,OK
4/4/20,77,23,0,0,OK
4/5/20,77,18,0,0,OK
4/6/20,78,14,0,0,OK
4/7/20,76,19,0,0,OK
4/8/20,1793,303,44,21,OK
4/9/20,1669,242,42,23,OK
4/10/20,1514,220,37,15,OK
4/11/20,1080,201,31,19,OK
4/12/20,898,160,23,9,OK
4/13/20,1244,136,24,8,OK
1/1/20,14,610,25,79,OR
1/2/20,4,1110,36,119,OR
1/3/20,8,1191,39,123,OR
1/4/20,14,1172,56,124,OR
1/5/20,5,1204,61,210,OR
1/6/20,5,1189,48,135,OR
1/7/20,7,1113,58,161,OR
1/8/20,9,1258,68,134,OR
1/9/20,38,1306,64,144,OR
1/10/20,25,1233,59,162,OR
1/11/20,47,1330,56,128,OR
1/12/20,37,1333,44,134,OR
1/13/20,28,1233,59,200,OR
1/14/20,20,1161,49,117,OR
1/15/20,4,193,6,13,OR
1/16/20,13,146,2,20,OR
1/17/20,16,128,2,12,OR
1/18/20,31,151,4,17,OR
1/19/20,27,165,3,23,OR
1/20/20,93,159,3,21,OR
1/21/20,576,157,3,16,OR
1/22/20,667,133,3,10,OR
1/23/20,644,137,3,4,OR
1/24/20,1011,145,3,8,OR
1/25/20,1239,166,1,8,OR
1/26/20,1573,205,3,7,OR
1/27/20,1633,196,7,12,OR
1/28/20,1680,205,9,6,OR
1/29/20,1778,212,21,6,OR
1/30/20,1715,217,18,11,OR
1/31/20,1792,234,10,4,OR
2/1/20,1449,199,11,11,OR
2/2/20,1280,210,11,18,OR
2/3/20,1189,191,6,5,OR
2/4/20,1086,179,16,14,OR
2/5/20,1155,191,15,10,OR
2/6/20,1202,187,11,17,OR
2/7/20,1569,204,11,14,OR
2/8/20,1437,198,15,16,OR
2/9/20,1159,208,7,15,OR
2/10/20,1160,176,13,10,OR
2/11/20,1205,167,14,28,OR
2/12/20,1351,222,14,17,OR
2/13/20,1503,233,14,16,OR
2/14/20,1240,219,16,14,OR
2/15/20,1162,225,8,18,OR
2/16/20,1044,233,5,40,OR
2/17/20,1158,227,9,20,OR
2/18/20,1191,224,16,21,OR
2/19/20,1175,242,21,19,OR
2/20/20,1058,221,16,22,OR
2/21/20,1166,229,14,19,OR
2/22/20,1341,267,17,20,OR
2/23/20,1505,280,18,27,OR
2/24/20,890,176,3,15,OR
2/25/20,0,0,0,0,OR
2/26/20,0,0,0,0,OR
3/11/20,0,0,0,0,OR
3/12/20,0,0,0,0,OR
3/13/20,0,0,0,0,OR
3/14/20,0,0,0,0,OR
3/15/20,0,0,0,0,OR
3/16/20,0,0,0,0,OR
3/17/20,719,16,23,27,OR
3/18/20,1749,47,45,61,OR
3/19/20,1572,53,38,55,OR
3/20/20,1568,82,32,51,OR
3/21/20,1559,96,33,55,OR
3/22/20,1527,87,30,55,OR
3/23/20,1648,72,26,44,OR
3/24/20,1324,73,23,41,OR
3/25/20,47,3,1,1,OR
4/1/20,0,0,0,0,OR
4/2/20,155,23,0,5,OR
4/3/20,84,19,0,0,OR
4/4/20,85,24,0,0,OR
4/5/20,83,21,0,0,OR
4/6/20,84,18,0,0,OR
4/7/20,79,11,0,0,OR
4/8/20,1784,227,24,27,OR
4/9/20,1702,204,26,25,OR
4/10/20,1601,183,24,24,OR
4/11/20,1160,185,23,24,OR
4/12/20,966,155,23,21,OR
4/13/20,1270,120,23,22,OR
1/1/20,11,887,45,125,PA
1/2/20,13,1521,73,171,PA
1/3/20,19,1405,79,151,PA
1/4/20,15,1546,89,171,PA
1/5/20,6,1607,82,206,PA
1/6/20,8,1412,81,154,PA
1/7/20,15,1450,92,181,PA
1/8/20,14,1507,80,158,PA
1/9/20,38,1458,77,163,PA
1/10/20,24,1442,87,168,PA
1/11/20,33,1495,64,189,PA
1/12/20,35,1442,70,183,PA
1/13/20,36,1448,75,151,PA
1/14/20,32,1290,72,140,PA
1/15/20,3,262,13,32,PA
1/16/20,14,186,11,24,PA
1/17/20,21,199,9,26,PA
1/18/20,42,223,10,25,PA
1/19/20,31,220,9,24,PA
1/20/20,125,227,15,23,PA
1/21/20,631,227,12,24,PA
1/22/20,508,139,0,11,PA
1/23/20,514,135,1,11,PA
1/24/20,1060,150,4,13,PA
1/25/20,1215,169,1,16,PA
1/26/20,1381,188,0,17,PA
1/27/20,1629,185,4,9,PA
1/28/20,1840,208,18,13,PA
1/29/20,1583,187,20,7,PA
1/30/20,1506,183,21,11,PA
1/31/20,1560,191,15,3,PA
2/1/20,1147,185,9,13,PA
2/2/20,1077,178,8,12,PA
2/3/20,920,154,4,8,PA
2/4/20,851,152,2,6,PA
2/5/20,1361,254,20,24,PA
2/6/20,1461,258,20,24,PA
2/7/20,1651,246,18,21,PA
2/8/20,1534,264,17,19,PA
2/9/20,1298,260,16,24,PA
2/10/20,1385,243,19,22,PA
2/11/20,1339,237,19,24,PA
2/12/20,1503,294,19,25,PA
2/13/20,1693,330,21,26,PA
2/14/20,1338,304,15,26,PA
2/15/20,1185,306,18,27,PA
2/16/20,1130,307,17,28,PA
2/17/20,1272,299,20,28,PA
2/18/20,1224,280,23,26,PA
2/19/20,929,235,18,23,PA
2/20/20,793,227,17,23,PA
2/21/20,812,219,18,22,PA
2/22/20,976,259,16,24,PA
2/23/20,1147,274,18,22,PA
2/24/20,786,154,10,10,PA
2/25/20,0,0,0,0,PA
2/26/20,0,0,0,0,PA
3/11/20,0,0,0,0,PA
3/12/20,0,0,0,0,PA
3/13/20,0,0,0,0,PA
3/14/20,0,0,0,0,PA
3/15/20,0,0,0,0,PA
3/16/20,0,0,0,0,PA
3/17/20,745,16,19,19,PA
3/18/20,1932,50,47,47,PA
3/19/20,1796,53,41,38,PA
3/20/20,1767,62,42,42,PA
3/21/20,1693,87,42,42,PA
3/22/20,1715,89,41,44,PA
3/23/20,1658,81,32,31,PA
3/24/20,1468,75,25,25,PA
3/25/20,58,3,1,1,PA
4/1/20,0,0,0,0,PA
4/2/20,133,102,100,100,PA
4/3/20,92,25,0,0,PA
4/4/20,94,30,0,0,PA
4/5/20,94,20,0,0,PA
4/6/20,94,17,0,0,PA
4/7/20,90,3,0,0,PA
4/8/20,1837,201,32,23,PA
4/9/20,1772,194,27,24,PA
4/10/20,1650,188,28,23,PA
4/11/20,1218,191,28,23,PA
4/12/20,1036,149,24,24,PA
4/13/20,1367,128,23,20,PA
1/15/20,2,208,10,21,VA
1/16/20,18,200,14,20,VA
1/17/20,25,219,10,22,VA
1/18/20,47,241,11,25,VA
1/19/20,34,250,9,22,VA
1/20/20,135,241,11,22,VA
1/21/20,710,277,12,24,VA
1/22/20,401,107,2,5,VA
1/23/20,446,101,1,0,VA
1/24/20,769,106,0,1,VA
1/25/20,947,126,0,2,VA
1/26/20,1237,157,1,5,VA
1/27/20,1757,153,1,1,VA
1/28/20,1484,166,8,1,VA
1/29/20,1813,201,26,4,VA
1/30/20,1693,205,23,6,VA
1/31/20,1696,218,18,4,VA
2/1/20,1297,213,14,7,VA
2/2/20,1187,209,11,12,VA
2/3/20,1020,171,6,5,VA
2/4/20,899,159,11,5,VA
2/5/20,1490,279,20,21,VA
2/6/20,1510,278,22,22,VA
2/7/20,1661,278,26,18,VA
2/8/20,1639,314,17,21,VA
2/9/20,1419,296,18,20,VA
2/10/20,1497,256,21,21,VA
2/11/20,1473,254,20,22,VA
2/12/20,1505,304,22,24,VA
2/13/20,1679,324,21,18,VA
2/14/20,1364,290,17,23,VA
2/15/20,1264,309,17,20,VA
2/16/20,1212,329,24,28,VA
2/17/20,1276,307,21,25,VA
2/18/20,1257,269,21,25,VA
2/19/20,791,195,15,18,VA
2/20/20,635,176,12,15,VA
2/21/20,680,186,15,16,VA
2/22/20,844,220,11,22,VA
2/23/20,1041,244,13,19,VA
2/24/20,717,144,10,8,VA
2/25/20,0,0,0,0,VA
2/26/20,0,0,0,0,VA
3/11/20,0,0,0,0,VA
3/12/20,0,0,0,0,VA
3/13/20,0,0,0,0,VA
3/14/20,0,0,0,0,VA
3/15/20,0,0,0,0,VA
3/16/20,0,0,0,0,VA
3/17/20,739,17,19,24,VA
3/18/20,1859,50,48,57,VA
3/19/20,1688,55,44,49,VA
3/20/20,1620,66,40,46,VA
3/21/20,1601,82,41,47,VA
3/22/20,1633,89,42,49,VA
3/23/20,1622,78,35,40,VA
3/24/20,1424,76,29,33,VA
3/25/20,56,3,1,2,VA
4/1/20,0,0,0,0,VA
4/2/20,580,177,47,36,VA
4/3/20,1646,301,44,40,VA
4/4/20,1742,440,46,49,VA
4/5/20,1696,299,44,44,VA
4/6/20,1715,271,32,30,VA
4/7/20,1578,247,33,30,VA
4/8/20,1844,258,43,42,VA
4/9/20,1696,215,38,38,VA
4/10/20,1614,223,33,33,VA
4/11/20,1177,211,31,31,VA
4/12/20,1016,161,24,27,VA
4/13/20,1316,141,24,24,VA
1/1/20,8,718,25,68,WA
1/2/20,3,1348,53,139,WA
1/3/20,9,1366,62,128,WA
1/4/20,4,1390,53,139,WA
1/5/20,12,1390,54,216,WA
1/6/20,9,1269,63,142,WA
1/7/20,11,1280,75,117,WA
1/8/20,20,1399,64,148,WA
1/9/20,47,1391,55,112,WA
1/10/20,34,1463,66,129,WA
1/11/20,43,1368,51,132,WA
1/12/20,54,1521,62,172,WA
1/13/20,30,1353,59,193,WA
1/14/20,43,1287,44,112,WA
1/15/20,1,112,1,6,WA
1/16/20,3,62,0,1,WA
1/17/20,4,62,0,1,WA
1/18/20,19,67,0,0,WA
1/19/20,9,69,0,2,WA
1/20/20,41,66,0,3,WA
1/21/20,484,86,0,2,WA
1/22/20,42,5,0,0,WA